Log start on,2019-12-16 18:46:17
Feature,Accelerometer
Nodes,SWAP001 @30204D, 
Date,HostTimestamp (ms),NodeName,NodeTimestamp,RawData,X (mg),Y (mg),Z (mg),
16/12/2019 18:46:17.669,53,SWAP001 @30204D,285060,96FDD80B0CF5,-61.8,303.2,-280.4,
16/12/2019 18:46:17.669,53,SWAP001 @30204D,285080,ED0411088FF7,126.1,206.5,-216.1,
16/12/2019 18:46:17.669,53,SWAP001 @30204D,285070,EB03410A9DF6,100.3,262.5,-240.3,
16/12/2019 18:46:17.669,53,SWAP001 @30204D,285100,4FFEE1063BFA,-43.3,176.1,-147.7,
16/12/2019 18:46:17.669,53,SWAP001 @30204D,285090,480074072AF8,7.2,190.8,-200.6,
16/12/2019 18:46:17.714,98,SWAP001 @30204D,285110,CAFED90672FB,-31.0,175.3,-116.6,
16/12/2019 18:46:17.714,98,SWAP001 @30204D,285120,7CFF9605B5FB,-13.2,143.0,-109.9,
16/12/2019 18:46:17.714,98,SWAP001 @30204D,285130,8500FC04E6FB,13.3,127.6,-105.0,
16/12/2019 18:46:17.714,98,SWAP001 @30204D,285140,0D020C044BFC,52.5,103.6,-94.9,
16/12/2019 18:46:17.765,149,SWAP001 @30204D,285160,64063F02DDFB,163.6,57.5,-105.9,
16/12/2019 18:46:17.765,149,SWAP001 @30204D,285180,0B00E401C0FC,1.1,48.4,-83.2,
16/12/2019 18:46:17.765,149,SWAP001 @30204D,285170,0E04140270FB,103.8,53.2,-116.8,
16/12/2019 18:46:17.765,149,SWAP001 @30204D,285150,F00305037CFC,100.8,77.3,-90.0,
16/12/2019 18:46:17.765,149,SWAP001 @30204D,285190,28FCF3018CFD,-98.4,49.9,-62.8,
16/12/2019 18:46:17.804,188,SWAP001 @30204D,285220,75F8AD01C8FC,-193.1,42.9,-82.4,
16/12/2019 18:46:17.804,188,SWAP001 @30204D,285230,10F8E70176FC,-203.2,48.7,-90.6,
16/12/2019 18:46:17.804,188,SWAP001 @30204D,285210,0EF83002C4FC,-203.4,56.0,-82.8,
16/12/2019 18:46:17.804,188,SWAP001 @30204D,285200,4BF95E0256FD,-171.7,60.6,-68.2,
16/12/2019 18:46:17.850,234,SWAP001 @30204D,285270,3D04B8078BFC,108.5,197.6,-88.5,
16/12/2019 18:46:17.850,234,SWAP001 @30204D,285250,68FAE002FDFB,-143.2,73.6,-102.7,
16/12/2019 18:46:17.850,234,SWAP001 @30204D,285260,7AFFEB05EBFD,-13.4,151.5,-53.3,
16/12/2019 18:46:17.850,234,SWAP001 @30204D,285240,20F84502F0FB,-201.6,58.1,-104.0,
16/12/2019 18:46:17.850,234,SWAP001 @30204D,285280,F508740A07FA,229.3,267.6,-152.9,
16/12/2019 18:46:17.895,279,SWAP001 @30204D,285300,17038D08E9F8,79.1,218.9,-181.5,
16/12/2019 18:46:17.895,279,SWAP001 @30204D,285310,2DFFCE09E6F7,-21.1,251.0,-207.4,
16/12/2019 18:46:17.896,280,SWAP001 @30204D,285320,33FB7D0A11F8,-122.9,268.5,-203.1,
16/12/2019 18:46:17.895,279,SWAP001 @30204D,285290,F607FF08D9F9,203.8,230.3,-157.5,
16/12/2019 18:46:17.938,322,SWAP001 @30204D,285330,04F8E60B20F8,-204.4,304.6,-201.6,
16/12/2019 18:46:17.939,323,SWAP001 @30204D,285350,C0F2990E5BF8,-339.2,373.7,-195.7,
16/12/2019 18:46:17.939,323,SWAP001 @30204D,285340,1AF5020EDDF7,-279.0,358.6,-208.3,
16/12/2019 18:46:17.943,327,SWAP001 @30204D,285370,A1F8460F00F9,-188.7,391.0,-179.2,
16/12/2019 18:46:17.941,325,SWAP001 @30204D,285360,65F4730F5EF8,-297.1,395.5,-195.4,
16/12/2019 18:46:17.984,368,SWAP001 @30204D,285400,EFFA1B0A66F7,-129.7,258.7,-220.2,
16/12/2019 18:46:17.984,368,SWAP001 @30204D,285380,9FFB670EDDF8,-112.1,368.7,-182.7,
16/12/2019 18:46:17.984,368,SWAP001 @30204D,285390,9FFCD70CB3F7,-86.5,328.7,-212.5,
16/12/2019 18:46:17.989,373,SWAP001 @30204D,285410,F7F8A9079CF8,-180.1,196.1,-189.2,
16/12/2019 18:46:18.029,413,SWAP001 @30204D,285430,48FB3F04D0FC,-120.8,108.7,-81.6,
16/12/2019 18:46:18.030,414,SWAP001 @30204D,285440,23FD0B0143FF,-73.3,26.7,-18.9,
16/12/2019 18:46:18.030,414,SWAP001 @30204D,285450,82FE52FD0802,-38.2,-68.6,52.0,
16/12/2019 18:46:18.028,412,SWAP001 @30204D,285420,51F99506B2FA,-171.1,168.5,-135.8,
16/12/2019 18:46:18.032,416,SWAP001 @30204D,285460,2000A4F96603,3.2,-162.8,87.0,
16/12/2019 18:46:18.075,459,SWAP001 @30204D,285470,6802ADF53D04,61.6,-264.3,108.5,
16/12/2019 18:46:18.075,459,SWAP001 @30204D,285480,3C052BF20404,134.0,-354.1,102.8,
16/12/2019 18:46:18.075,459,SWAP001 @30204D,285490,8406E5EE9204,166.8,-437.9,117.0,
16/12/2019 18:46:18.077,461,SWAP001 @30204D,285500,A50555EC9E06,144.5,-503.5,169.4,
16/12/2019 18:46:18.120,504,SWAP001 @30204D,285530,D101E4EBEE0B,46.5,-514.8,305.4,
16/12/2019 18:46:18.119,503,SWAP001 @30204D,285510,D1030FECA708,97.7,-510.5,221.5,
16/12/2019 18:46:18.120,504,SWAP001 @30204D,285540,120121EB590C,27.4,-534.3,316.1,
16/12/2019 18:46:18.120,504,SWAP001 @30204D,285550,B3008EEA630C,17.9,-549.0,317.1,
16/12/2019 18:46:18.119,503,SWAP001 @30204D,285520,6902A4ECEB0A,61.7,-495.6,279.5,
16/12/2019 18:46:18.164,548,SWAP001 @30204D,285560,8A0043EA430C,13.8,-556.5,313.9,
16/12/2019 18:46:18.165,549,SWAP001 @30204D,285570,1E00C6E9480C,3.0,-569.0,314.4,
16/12/2019 18:46:18.166,550,SWAP001 @30204D,285590,60FF5AE8680C,-16.0,-605.4,317.6,
16/12/2019 18:46:18.166,550,SWAP001 @30204D,285580,0E00FCE83D0C,1.4,-589.2,313.3,
16/12/2019 18:46:18.210,594,SWAP001 @30204D,285610,E2FE54E9C40B,-28.6,-580.4,301.2,
16/12/2019 18:46:18.212,596,SWAP001 @30204D,285620,C1FDAEEA1D0B,-57.5,-545.8,284.5,
16/12/2019 18:46:18.210,594,SWAP001 @30204D,285600,E1FE96E83F0C,-28.7,-599.4,313.5,
16/12/2019 18:46:18.214,598,SWAP001 @30204D,285630,6AFCC3EB0B0A,-91.8,-518.1,257.1,
16/12/2019 18:46:18.215,599,SWAP001 @30204D,285640,BEFC5CEC2709,-83.4,-502.8,234.3,
16/12/2019 18:46:18.253,638,SWAP001 @30204D,285670,4C0D0DF0A303,340.4,-408.3,93.1,
16/12/2019 18:46:18.253,638,SWAP001 @30204D,285650,5F01D1ED1C08,35.1,-465.5,207.6,
16/12/2019 18:46:18.253,638,SWAP001 @30204D,285660,390754EFFD05,184.9,-426.8,153.3,
16/12/2019 18:46:18.253,638,SWAP001 @30204D,285680,440B04F42D02,288.4,-306.8,55.7,
16/12/2019 18:46:18.300,684,SWAP001 @30204D,285690,87FB0F02ACFF,-114.5,52.7,-8.4,
16/12/2019 18:46:18.301,685,SWAP001 @30204D,285710,33FF0C0771FC,-20.5,180.4,-91.1,
16/12/2019 18:46:18.302,686,SWAP001 @30204D,285720,CEFC200811FA,-81.8,208.0,-151.9,
16/12/2019 18:46:18.301,685,SWAP001 @30204D,285700,1BFDE00486FE,-74.1,124.8,-37.8,
16/12/2019 18:46:18.302,686,SWAP001 @30204D,285730,17FB68069DF9,-125.7,164.0,-163.5,
16/12/2019 18:46:18.344,728,SWAP001 @30204D,285740,A900E5050EF9,16.9,150.9,-177.8,
16/12/2019 18:46:18.345,729,SWAP001 @30204D,285750,4E09671172F1,238.2,445.5,-372.6,
16/12/2019 18:46:18.348,732,SWAP001 @30204D,285770,56067B0697F8,162.2,165.9,-189.7,
16/12/2019 18:46:18.347,731,SWAP001 @30204D,285760,7409A9160EF2,242.0,580.1,-357.0,
16/12/2019 18:46:18.390,774,SWAP001 @30204D,285780,C2FDC2095AF8,-57.4,249.8,-195.8,
16/12/2019 18:46:18.390,774,SWAP001 @30204D,285810,4F044708E9F6,110.3,211.9,-232.7,
16/12/2019 18:46:18.390,774,SWAP001 @30204D,285790,DFFC460DD3F4,-80.1,339.8,-286.1,
16/12/2019 18:46:18.390,774,SWAP001 @30204D,285800,8907780989F7,192.9,242.4,-216.7,
16/12/2019 18:46:18.393,777,SWAP001 @30204D,285820,B3FF5F074BF9,-7.7,188.7,-171.7,
16/12/2019 18:46:18.436,820,SWAP001 @30204D,285830,CAFD8B0637FA,-56.6,167.5,-148.1,
16/12/2019 18:46:18.437,821,SWAP001 @30204D,285860,40011A055DFC,32.0,130.6,-93.1,
16/12/2019 18:46:18.437,821,SWAP001 @30204D,285850,ACFFEB054DFC,-8.4,151.5,-94.7,
16/12/2019 18:46:18.436,820,SWAP001 @30204D,285840,B9FDEB06BFFB,-58.3,177.1,-108.9,
16/12/2019 18:46:18.478,862,SWAP001 @30204D,285870,3F03C303C9FC,83.1,96.3,-82.3,
16/12/2019 18:46:18.481,865,SWAP001 @30204D,285890,250410036AFC,106.1,78.4,-91.8,
16/12/2019 18:46:18.481,865,SWAP001 @30204D,285900,24010903F9FB,29.2,77.7,-103.1,
16/12/2019 18:46:18.478,863,SWAP001 @30204D,285880,5B04830301FD,111.5,89.9,-76.7,
16/12/2019 18:46:18.487,871,SWAP001 @30204D,285910,D5FCD20254FD,-81.1,72.2,-68.4,
16/12/2019 18:46:18.570,954,SWAP001 @30204D,285920,D8F8EA0201FE,-183.2,74.6,-51.1,
16/12/2019 18:46:18.571,955,SWAP001 @30204D,285950,BEF6450243FD,-237.0,58.1,-70.1,
16/12/2019 18:46:18.570,954,SWAP001 @30204D,285930,6FF6BB02D9FD,-244.9,69.9,-55.1,
16/12/2019 18:46:18.570,954,SWAP001 @30204D,285940,F0F52D0288FD,-257.6,55.7,-63.2,
16/12/2019 18:46:18.574,958,SWAP001 @30204D,285960,07F794025AFC,-229.7,66.0,-93.4,
16/12/2019 18:46:18.575,959,SWAP001 @30204D,285970,70F9B902F1FB,-168.0,69.7,-103.9,
16/12/2019 18:46:18.578,962,SWAP001 @30204D,286000,3C02190A53FB,57.2,258.5,-119.7,
16/12/2019 18:46:18.578,962,SWAP001 @30204D,285980,1DFD9104F1FD,-73.9,116.9,-52.7,
16/12/2019 18:46:18.620,1004,SWAP001 @30204D,286010,93032C0ABCFA,91.5,260.4,-134.8,
16/12/2019 18:46:18.620,1004,SWAP001 @30204D,286020,6A0271091BFA,61.8,241.7,-150.9,
16/12/2019 18:46:18.620,1004,SWAP001 @30204D,286030,7802BE0AD8F7,63.2,275.0,-208.8,
16/12/2019 18:46:18.621,1005,SWAP001 @30204D,286040,B600930BD7F5,18.2,296.3,-260.1,
16/12/2019 18:46:18.659,1043,SWAP001 @30204D,286070,65F704117CF6,-220.3,435.6,-243.6,
16/12/2019 18:46:18.658,1042,SWAP001 @30204D,286060,00F84310BCF5,-204.8,416.3,-262.8,
16/12/2019 18:46:18.658,1042,SWAP001 @30204D,286050,D5F9910E32F5,-157.9,372.9,-276.6,
16/12/2019 18:46:18.661,1045,SWAP001 @30204D,286080,E0F710116EF7,-208.0,436.8,-219.4,
16/12/2019 18:46:18.661,1045,SWAP001 @30204D,286090,3DF95510EFF7,-173.1,418.1,-206.5,
16/12/2019 18:46:18.705,1089,SWAP001 @30204D,286130,4DF9930A54F7,-171.5,270.7,-222.0,
16/12/2019 18:46:18.705,1089,SWAP001 @30204D,286100,D2FAC10EA3F7,-132.6,377.7,-214.1,
16/12/2019 18:46:18.705,1089,SWAP001 @30204D,286110,2EFB1C0D25F7,-123.4,335.6,-226.7,
16/12/2019 18:46:18.705,1089,SWAP001 @30204D,286120,2BFAF10BFBF6,-149.3,305.7,-230.9,
16/12/2019 18:46:18.749,1133,SWAP001 @30204D,286160,E3F90B0666FC,-156.5,154.7,-92.2,
16/12/2019 18:46:18.749,1133,SWAP001 @30204D,286150,2CF83D074EFA,-200.4,185.3,-145.8,
16/12/2019 18:46:18.749,1133,SWAP001 @30204D,286170,17FC28035EFE,-100.1,80.8,-41.8,
16/12/2019 18:46:18.749,1133,SWAP001 @30204D,286140,8CF8A8085EF8,-190.8,221.6,-195.4,
16/12/2019 18:46:18.751,1135,SWAP001 @30204D,286180,C2FDDBFF5801,-57.4,-3.7,34.4,
16/12/2019 18:46:18.796,1180,SWAP001 @30204D,286190,51FF70FCD204,-17.5,-91.2,123.4,
16/12/2019 18:46:18.796,1180,SWAP001 @30204D,286200,7F016DF8C206,38.3,-193.9,173.0,
16/12/2019 18:46:18.797,1181,SWAP001 @30204D,286210,C703D5F34407,96.7,-311.5,186.0,
16/12/2019 18:46:18.797,1181,SWAP001 @30204D,286220,760673F0A606,165.4,-398.1,170.2,
16/12/2019 18:46:18.841,1225,SWAP001 @30204D,286230,8A049EEB670A,116.2,-521.8,266.3,
16/12/2019 18:46:18.842,1226,SWAP001 @30204D,286240,CD01EEEB030C,46.1,-513.8,307.5,
16/12/2019 18:46:18.842,1226,SWAP001 @30204D,286250,7E0149EC730C,38.2,-504.7,318.7,
16/12/2019 18:46:18.844,1228,SWAP001 @30204D,286260,070204ECDC0C,51.9,-511.6,329.2,
16/12/2019 18:46:18.846,1230,SWAP001 @30204D,286270,B5027AEB200D,69.3,-525.4,336.0,
16/12/2019 18:46:18.884,1268,SWAP001 @30204D,286310,630411EA8D0D,112.3,-561.5,346.9,
16/12/2019 18:46:18.884,1268,SWAP001 @30204D,286300,E40367EA610D,99.6,-552.9,342.5,
16/12/2019 18:46:18.883,1267,SWAP001 @30204D,286280,5803F6EA250D,85.6,-538.6,336.5,
16/12/2019 18:46:18.883,1267,SWAP001 @30204D,286290,D203C2EA260D,97.8,-543.8,336.6,
16/12/2019 18:46:18.933,1317,SWAP001 @30204D,286320,CD044AE9B40D,122.9,-581.4,350.8,
16/12/2019 18:46:18.933,1317,SWAP001 @30204D,286330,E303CCE8C00D,99.5,-594.0,352.0,
16/12/2019 18:46:18.933,1317,SWAP001 @30204D,286340,5B02F4E84C0D,60.3,-590.0,340.4,
16/12/2019 18:46:18.934,1318,SWAP001 @30204D,286360,D9FCB4EAC50B,-80.7,-545.2,301.3,
16/12/2019 18:46:18.934,1318,SWAP001 @30204D,286350,9CFF23EACE0C,-10.0,-559.7,327.8,
16/12/2019 18:46:18.974,1358,SWAP001 @30204D,286370,D1FB69EB870A,-107.1,-527.1,269.5,
16/12/2019 18:46:18.977,1361,SWAP001 @30204D,286390,0C059CEE5606,129.2,-445.2,162.2,
16/12/2019 18:46:18.977,1361,SWAP001 @30204D,286400,B4063AF4EB03,171.6,-301.4,100.3,
16/12/2019 18:46:18.977,1361,SWAP001 @30204D,286380,2E01E6EC2209,30.2,-489.0,233.8,
16/12/2019 18:46:19.019,1403,SWAP001 @30204D,286420,71FAB300C600,-142.3,17.9,19.8,
16/12/2019 18:46:19.019,1403,SWAP001 @30204D,286450,26FB570770FA,-124.2,187.9,-142.4,
16/12/2019 18:46:19.018,1402,SWAP001 @30204D,286410,7201AFFA0E03,37.0,-136.1,78.2,
16/12/2019 18:46:19.019,1403,SWAP001 @30204D,286440,09FFF005C7FC,-24.7,152.0,-82.5,
16/12/2019 18:46:19.019,1403,SWAP001 @30204D,286430,5EFC8E03FAFE,-93.0,91.0,-26.2,
16/12/2019 18:46:19.065,1449,SWAP001 @30204D,286480,2F063B1348F1,158.3,492.3,-376.8,
16/12/2019 18:46:19.064,1448,SWAP001 @30204D,286460,64F87B07CFF9,-194.8,191.5,-158.5,
16/12/2019 18:46:19.064,1448,SWAP001 @30204D,286470,C3FE940844F8,-31.7,219.6,-198.0,
16/12/2019 18:46:19.065,1449,SWAP001 @30204D,286490,B400511384F6,18.0,494.5,-242.8,
16/12/2019 18:46:19.111,1495,SWAP001 @30204D,286510,CDFB280CF3F5,-107.5,311.2,-257.3,
16/12/2019 18:46:19.110,1494,SWAP001 @30204D,286500,0006BE0665FA,153.6,172.6,-143.5,
16/12/2019 18:46:19.111,1495,SWAP001 @30204D,286530,E505EA0A0BF8,150.9,279.4,-203.7,
16/12/2019 18:46:19.111,1495,SWAP001 @30204D,286520,99FD8D0D7EF6,-61.5,346.9,-243.4,
16/12/2019 18:46:19.111,1495,SWAP001 @30204D,286540,0E04A409E4F6,103.8,246.8,-233.2,
16/12/2019 18:46:19.156,1540,SWAP001 @30204D,286550,20FFBA0860F8,-22.4,223.4,-195.2,
16/12/2019 18:46:19.157,1541,SWAP001 @30204D,286560,1BFC870804FA,-99.7,218.3,-153.2,
16/12/2019 18:46:19.157,1541,SWAP001 @30204D,286570,75FC370833FB,-90.7,210.3,-122.9,
16/12/2019 18:46:19.157,1541,SWAP001 @30204D,286580,85FE9206C8FC,-37.9,168.2,-82.4,
16/12/2019 18:46:19.198,1582,SWAP001 @30204D,286590,5300C50541FD,8.3,147.7,-70.3,
16/12/2019 18:46:19.199,1583,SWAP001 @30204D,286600,6403EB042FFD,86.8,125.9,-72.1,
16/12/2019 18:46:19.200,1584,SWAP001 @30204D,286630,A90647033DFC,170.5,83.9,-96.3,
16/12/2019 18:46:19.200,1584,SWAP001 @30204D,286620,D708E703A7FC,226.3,99.9,-85.7,
16/12/2019 18:46:19.199,1583,SWAP001 @30204D,286610,6F06900457FD,164.7,116.8,-68.1,
16/12/2019 18:46:19.244,1628,SWAP001 @30204D,286640,52010F039BFD,33.8,78.3,-61.3,
16/12/2019 18:46:19.244,1628,SWAP001 @30204D,286650,B1FBF80266FE,-110.3,76.0,-41.0,
16/12/2019 18:46:19.245,1629,SWAP001 @30204D,286660,8AF75F03F8FD,-216.6,86.3,-52.0,
16/12/2019 18:46:19.247,1631,SWAP001 @30204D,286670,B4F6C3024DFE,-238.0,70.7,-43.5,
16/12/2019 18:46:19.291,1675,SWAP001 @30204D,286700,59FF8F0575FD,-16.7,142.3,-65.1,
16/12/2019 18:46:19.292,1676,SWAP001 @30204D,286720,0A09210BF4FA,231.4,284.9,-129.2,
16/12/2019 18:46:19.291,1675,SWAP001 @30204D,286690,10F9FA0367FC,-177.6,101.8,-92.1,
16/12/2019 18:46:19.290,1674,SWAP001 @30204D,286680,8FF61E03C2FD,-241.7,79.8,-57.4,
16/12/2019 18:46:19.291,1675,SWAP001 @30204D,286710,EA04FF0738FF,125.8,204.7,-20.0,
16/12/2019 18:46:19.379,1763,SWAP001 @30204D,286730,F20B590BAEF7,305.8,290.5,-213.0,
16/12/2019 18:46:19.381,1764,SWAP001 @30204D,286760,6BF68E0B9EF6,-245.3,295.8,-240.2,
16/12/2019 18:46:19.380,1764,SWAP001 @30204D,286750,95FDAC095DF6,-61.9,247.6,-246.7,
16/12/2019 18:46:19.380,1764,SWAP001 @30204D,286740,C105EC08ABF6,147.3,228.4,-238.9,
16/12/2019 18:46:19.381,1765,SWAP001 @30204D,286780,47F5B60EE6F5,-274.5,376.6,-258.6,
16/12/2019 18:46:19.385,1769,SWAP001 @30204D,286790,8FF4360F81F6,-292.9,389.4,-243.1,
16/12/2019 18:46:19.381,1765,SWAP001 @30204D,286770,D0F54E0D35F6,-260.8,340.6,-250.7,
16/12/2019 18:46:19.386,1770,SWAP001 @30204D,286810,9FF2A110C3F7,-342.5,425.7,-210.9,
16/12/2019 18:46:19.425,1809,SWAP001 @30204D,286840,F1FAE10DF3F7,-129.5,355.3,-206.1,
16/12/2019 18:46:19.425,1809,SWAP001 @30204D,286850,DFFB4B0CF1F8,-105.7,314.7,-180.7,
16/12/2019 18:46:19.425,1809,SWAP001 @30204D,286820,FCF52C10B5F7,-256.4,414.0,-212.3,
16/12/2019 18:46:19.425,1809,SWAP001 @30204D,286830,60F90E0FD8F7,-169.6,385.4,-208.8,
16/12/2019 18:46:19.469,1853,SWAP001 @30204D,286880,1B030403F6FE,79.5,77.2,-26.6,
16/12/2019 18:46:19.469,1853,SWAP001 @30204D,286870,5101D106DBFB,33.7,174.5,-106.1,
16/12/2019 18:46:19.469,1853,SWAP001 @30204D,286860,5DFEDA096AFA,-41.9,252.2,-143.0,
16/12/2019 18:46:19.469,1853,SWAP001 @30204D,286890,FE020CFF7102,76.6,-24.4,62.5,
16/12/2019 18:46:19.469,1853,SWAP001 @30204D,286900,A5024FFB3A04,67.7,-120.1,108.2,
16/12/2019 18:46:19.516,1900,SWAP001 @30204D,286940,7501F8EC710C,37.3,-487.2,318.5,
16/12/2019 18:46:19.516,1900,SWAP001 @30204D,286930,F60542EF8007,152.6,-428.6,192.0,
16/12/2019 18:46:19.516,1900,SWAP001 @30204D,286920,B705E5F26606,146.3,-335.5,163.8,
16/12/2019 18:46:19.515,1899,SWAP001 @30204D,286910,45031AF7C005,83.7,-227.8,147.2,
16/12/2019 18:46:19.562,1946,SWAP001 @30204D,286970,46FF68EB8E0E,-18.6,-527.2,372.6,
16/12/2019 18:46:19.562,1946,SWAP001 @30204D,286960,EEFF37EC5B0E,-1.8,-506.5,367.5,
16/12/2019 18:46:19.562,1946,SWAP001 @30204D,286990,E2FF1CEACD0D,-3.0,-560.4,353.3,
16/12/2019 18:46:19.562,1946,SWAP001 @30204D,286980,2CFFE0EA480E,-21.2,-540.8,365.6,
16/12/2019 18:46:19.562,1946,SWAP001 @30204D,286950,3800FCECA50D,5.6,-486.8,349.3,
16/12/2019 18:46:19.605,1989,SWAP001 @30204D,287000,CE009FE9530D,20.6,-572.9,341.1,
16/12/2019 18:46:19.606,1990,SWAP001 @30204D,287030,2F0486E98A0D,107.1,-575.4,346.6,
16/12/2019 18:46:19.606,1990,SWAP001 @30204D,287020,6B03A5E9920D,87.5,-572.3,347.4,
16/12/2019 18:46:19.606,1990,SWAP001 @30204D,287010,2F02A6E9560D,55.9,-572.2,341.4,
16/12/2019 18:46:19.650,2034,SWAP001 @30204D,287080,91FF3AE9670B,-11.1,-583.0,291.9,
16/12/2019 18:46:19.650,2034,SWAP001 @30204D,287060,6E02E1E9080D,62.2,-566.3,333.6,
16/12/2019 18:46:19.649,2034,SWAP001 @30204D,287070,8C00B4E9790C,14.0,-570.8,319.3,
16/12/2019 18:46:19.649,2033,SWAP001 @30204D,287040,4404D6E9700D,109.2,-567.4,344.0,
16/12/2019 18:46:19.650,2034,SWAP001 @30204D,287050,E4039EE92E0D,99.6,-573.0,337.4,
16/12/2019 18:46:19.696,2080,SWAP001 @30204D,287090,170393EA4F0A,79.1,-548.5,263.9,
16/12/2019 18:46:19.697,2081,SWAP001 @30204D,287120,920117F91C04,40.2,-176.9,105.2,
16/12/2019 18:46:19.697,2081,SWAP001 @30204D,287100,E70808ECED06,227.9,-511.2,177.3,
16/12/2019 18:46:19.697,2081,SWAP001 @30204D,287110,4D0F6AF08504,391.7,-399.0,115.7,
16/12/2019 18:46:19.741,2125,SWAP001 @30204D,287150,FEFB060603FD,-102.6,154.2,-76.5,
16/12/2019 18:46:19.741,2125,SWAP001 @30204D,287140,64F7F0033300,-220.4,100.8,5.1,
16/12/2019 18:46:19.742,2126,SWAP001 @30204D,287170,32F8AF07D0F9,-199.8,196.7,-158.4,
16/12/2019 18:46:19.741,2125,SWAP001 @30204D,287130,B8F4F000F901,-288.8,24.0,50.5,
16/12/2019 18:46:19.741,2125,SWAP001 @30204D,287160,83F9E407D8F9,-166.1,202.0,-157.6,
16/12/2019 18:46:19.786,2170,SWAP001 @30204D,287180,92FB40082AFA,-113.4,211.2,-149.4,
16/12/2019 18:46:19.786,2170,SWAP001 @30204D,287190,C2076D11F1F3,198.6,446.1,-308.7,
16/12/2019 18:46:19.787,2171,SWAP001 @30204D,287200,5211F2156EED,443.4,561.8,-475.4,
16/12/2019 18:46:19.787,2171,SWAP001 @30204D,287210,A50635086AF7,170.1,210.1,-219.8,
16/12/2019 18:46:19.833,2217,SWAP001 @30204D,287220,48FE4E0A25F8,-44.0,263.8,-201.1,
16/12/2019 18:46:19.833,2217,SWAP001 @30204D,287230,32FD740DEDF4,-71.8,344.4,-283.5,
16/12/2019 18:46:19.834,2218,SWAP001 @30204D,287240,0C06960AD4F6,154.8,271.0,-234.8,
16/12/2019 18:46:19.834,2218,SWAP001 @30204D,287250,72040509D9F5,113.8,230.9,-259.9,
16/12/2019 18:46:19.834,2218,SWAP001 @30204D,287260,35FFCD0798F7,-20.3,199.7,-215.2,
16/12/2019 18:46:19.932,2316,SWAP001 @30204D,287270,C4FCCD074BF9,-82.8,199.7,-171.7,
16/12/2019 18:46:19.935,2319,SWAP001 @30204D,287280,B8FD6D079FFA,-58.4,190.1,-137.7,
16/12/2019 18:46:19.938,2322,SWAP001 @30204D,287290,92008F056EFB,14.6,142.3,-117.0,
16/12/2019 18:46:19.939,2323,SWAP001 @30204D,287310,FC04480457FB,127.6,109.6,-119.3,
16/12/2019 18:46:19.940,2324,SWAP001 @30204D,287320,22059A03F1FA,131.4,92.2,-129.5,
16/12/2019 18:46:19.940,2324,SWAP001 @30204D,287330,4102250350FB,57.7,80.5,-120.0,
16/12/2019 18:46:19.940,2324,SWAP001 @30204D,287350,9AF8D3025CFD,-189.4,72.3,-67.6,
16/12/2019 18:46:19.939,2323,SWAP001 @30204D,287300,DE02BF0480FB,73.4,121.5,-115.2,
16/12/2019 18:46:19.965,2349,SWAP001 @30204D,287370,BFF5F6026EFD,-262.5,75.8,-65.8,
16/12/2019 18:46:19.965,2349,SWAP001 @30204D,287380,01FA6303A5FC,-153.5,86.7,-85.9,
16/12/2019 18:46:19.965,2349,SWAP001 @30204D,287360,D2F5C80201FD,-260.6,71.2,-76.7,
16/12/2019 18:46:19.965,2349,SWAP001 @30204D,287390,CDFD2204F2FA,-56.3,105.8,-129.4,
16/12/2019 18:46:20.009,2393,SWAP001 @30204D,287410,5D036008EDFC,86.1,214.4,-78.7,
16/12/2019 18:46:20.008,2392,SWAP001 @30204D,287400,16024A06A6FD,53.4,161.0,-60.2,
16/12/2019 18:46:20.009,2393,SWAP001 @30204D,287420,AC07CF0B34F9,196.4,302.3,-174.0,
16/12/2019 18:46:20.009,2393,SWAP001 @30204D,287430,8805250AC8F7,141.6,259.7,-210.4,
16/12/2019 18:46:20.012,2396,SWAP001 @30204D,287440,19FFD109E0F6,-23.1,251.3,-233.6,
16/12/2019 18:46:20.053,2437,SWAP001 @30204D,287450,93F9AD0AB0F6,-164.5,273.3,-238.4,
16/12/2019 18:46:20.054,2438,SWAP001 @30204D,287480,07F56810B0F6,-280.9,420.0,-238.4,
16/12/2019 18:46:20.054,2438,SWAP001 @30204D,287460,5CF5330BE0F6,-272.4,286.7,-233.6,
16/12/2019 18:46:20.054,2438,SWAP001 @30204D,287470,D8F3830FA4F6,-311.2,397.1,-239.6,
16/12/2019 18:46:20.097,2481,SWAP001 @30204D,287490,2CF408108CF7,-302.8,410.4,-216.4,
16/12/2019 18:46:20.098,2482,SWAP001 @30204D,287500,45F4D7104EF7,-300.3,431.1,-222.6,
16/12/2019 18:46:20.098,2482,SWAP001 @30204D,287510,7AF7991163F7,-218.2,450.5,-220.5,
16/12/2019 18:46:20.099,2483,SWAP001 @30204D,287520,B0FAEA10E5F7,-136.0,433.0,-207.5,
16/12/2019 18:46:20.099,2483,SWAP001 @30204D,287530,21FC9D0FDAF7,-99.1,399.7,-208.6,
16/12/2019 18:46:20.143,2527,SWAP001 @30204D,287540,75FCB40DE0F7,-90.7,350.8,-208.0,
16/12/2019 18:46:20.144,2528,SWAP001 @30204D,287550,72FCFF0A8CF8,-91.0,281.5,-190.8,
16/12/2019 18:46:20.147,2531,SWAP001 @30204D,287560,5CFD6E08B4F9,-67.6,215.8,-161.2,
16/12/2019 18:46:20.147,2531,SWAP001 @30204D,287570,EDFEDA068FFB,-27.5,175.4,-113.7,
16/12/2019 18:46:20.190,2574,SWAP001 @30204D,287600,83009CFC0505,13.1,-86.8,128.5,
16/12/2019 18:46:20.190,2574,SWAP001 @30204D,287580,2600F9030BFE,3.8,101.7,-50.1,
16/12/2019 18:46:20.190,2574,SWAP001 @30204D,287590,3600C6FFCA01,5.4,-5.8,45.8,
16/12/2019 18:46:20.194,2578,SWAP001 @30204D,287610,130264F81E07,53.1,-194.8,182.2,
16/12/2019 18:46:20.194,2578,SWAP001 @30204D,287620,2505C4F2A807,131.7,-338.8,196.0,
16/12/2019 18:46:20.232,2616,SWAP001 @30204D,287630,3307B9EF5607,184.3,-416.7,187.8,
16/12/2019 18:46:20.232,2616,SWAP001 @30204D,287640,4B042FEB3D0C,109.9,-532.9,313.3,
16/12/2019 18:46:20.234,2618,SWAP001 @30204D,287650,F001E8EB820D,49.6,-514.4,345.8,
16/12/2019 18:46:20.235,2619,SWAP001 @30204D,287660,A501F1EB310E,42.1,-513.5,363.3,
16/12/2019 18:46:20.277,2661,SWAP001 @30204D,287670,AC0140EBBD0E,42.8,-531.2,377.3,
16/12/2019 18:46:20.277,2661,SWAP001 @30204D,287680,9501A1EACF0E,40.5,-547.1,379.1,
16/12/2019 18:46:20.280,2664,SWAP001 @30204D,287710,A10248E9BC0D,67.3,-581.6,351.6,
16/12/2019 18:46:20.280,2664,SWAP001 @30204D,287690,E001FDE96D0E,48.0,-563.5,369.3,
16/12/2019 18:46:20.280,2664,SWAP001 @30204D,287700,7D027BE9E80D,63.7,-576.5,356.0,
16/12/2019 18:46:20.324,2708,SWAP001 @30204D,287720,83025FE9BF0D,64.3,-579.3,351.9,
16/12/2019 18:46:20.326,2710,SWAP001 @30204D,287740,F501FDE85E0D,50.1,-589.1,342.2,
16/12/2019 18:46:20.326,2710,SWAP001 @30204D,287750,1C01E5E80F0D,28.4,-591.5,334.3,
16/12/2019 18:46:20.326,2710,SWAP001 @30204D,287730,A20228E9950D,67.4,-584.8,347.7,
16/12/2019 18:46:20.368,2752,SWAP001 @30204D,287780,45FE97E9480B,-44.3,-573.7,288.8,
16/12/2019 18:46:20.369,2753,SWAP001 @30204D,287790,7BFF15EA210A,-13.3,-561.1,259.3,
16/12/2019 18:46:20.368,2752,SWAP001 @30204D,287760,52001BE9EC0C,8.2,-586.1,330.8,
16/12/2019 18:46:20.368,2752,SWAP001 @30204D,287770,64FFDFE9740C,-15.6,-566.5,318.8,
16/12/2019 18:46:20.371,2755,SWAP001 @30204D,287800,CE0382EBC107,97.4,-524.6,198.5,
16/12/2019 18:46:20.412,2796,SWAP001 @30204D,287810,720AABEC5A04,267.4,-494.9,111.4,
16/12/2019 18:46:20.413,2797,SWAP001 @30204D,287820,0C0701F66E03,180.4,-255.9,87.8,
16/12/2019 18:46:20.414,2798,SWAP001 @30204D,287830,A3F9D1FEE401,-162.9,-30.3,48.4,
16/12/2019 18:46:20.414,2798,SWAP001 @30204D,287840,27F8FB020700,-200.9,76.3,0.7,
16/12/2019 18:46:20.459,2843,SWAP001 @30204D,287850,F1FBB605A2FD,-103.9,146.2,-60.6,
16/12/2019 18:46:20.459,2843,SWAP001 @30204D,287860,D5FBA20781FA,-106.7,195.4,-140.7,
16/12/2019 18:46:20.461,2845,SWAP001 @30204D,287870,DDF985095FF8,-157.1,243.7,-195.3,
16/12/2019 18:46:20.461,2845,SWAP001 @30204D,287880,6AFA550751F9,-143.0,187.7,-171.1,
16/12/2019 18:46:20.461,2845,SWAP001 @30204D,287890,1DFEDF05D5F9,-48.3,150.3,-157.9,
16/12/2019 18:46:20.502,2886,SWAP001 @30204D,287900,B60448127AF2,120.6,468.0,-346.2,
16/12/2019 18:46:20.502,2886,SWAP001 @30204D,287910,8C0CC619AFF0,321.2,659.8,-392.1,
16/12/2019 18:46:20.503,2887,SWAP001 @30204D,287920,1E08D3070FF6,207.8,200.3,-254.5,
16/12/2019 18:46:20.504,2888,SWAP001 @30204D,287930,7000220AC6F7,11.2,259.4,-210.6,
16/12/2019 18:46:20.550,2934,SWAP001 @30204D,287940,CBFCDF0EB5F4,-82.1,380.7,-289.1,
16/12/2019 18:46:20.552,2936,SWAP001 @30204D,287970,43FF6508C1F7,-18.9,214.9,-211.1,
16/12/2019 18:46:20.551,2935,SWAP001 @30204D,287950,A107ED0A1DF6,195.3,279.7,-253.1,
16/12/2019 18:46:20.551,2935,SWAP001 @30204D,287960,910562097FF5,142.5,240.2,-268.9,
16/12/2019 18:46:20.552,2936,SWAP001 @30204D,287980,55FC33082EF9,-93.9,209.9,-174.6,
16/12/2019 18:46:20.593,2977,SWAP001 @30204D,288000,F5FF4F061FFB,-1.1,161.5,-124.9,
16/12/2019 18:46:20.593,2977,SWAP001 @30204D,287990,9AFC440881FA,-87.0,211.6,-140.7,
16/12/2019 18:46:20.594,2978,SWAP001 @30204D,288010,E40198055DFB,48.4,143.2,-118.7,
16/12/2019 18:46:20.595,2979,SWAP001 @30204D,288020,4205BF045FFB,134.6,121.5,-118.5,
16/12/2019 18:46:20.638,3022,SWAP001 @30204D,288050,6DFFD30241FC,-14.7,72.3,-95.9,
16/12/2019 18:46:20.638,3022,SWAP001 @30204D,288040,50041D039DFA,110.4,79.7,-137.9,
16/12/2019 18:46:20.637,3021,SWAP001 @30204D,288030,8306EA0324FB,166.7,100.2,-124.4,
16/12/2019 18:46:20.640,3024,SWAP001 @30204D,288060,79FAA9025FFD,-141.5,68.1,-67.3,
16/12/2019 18:46:20.641,3025,SWAP001 @30204D,288070,02F7AE029BFD,-230.2,68.6,-61.3,
16/12/2019 18:46:20.682,3066,SWAP001 @30204D,288080,9AF5E401FBFD,-266.2,48.4,-51.7,
16/12/2019 18:46:20.682,3066,SWAP001 @30204D,288090,94F5990154FD,-266.8,40.9,-68.4,
16/12/2019 18:46:20.683,3067,SWAP001 @30204D,288100,19F7980199FB,-227.9,40.8,-112.7,
16/12/2019 18:46:20.686,3070,SWAP001 @30204D,288110,A3FC3703F0FC,-86.1,82.3,-78.4,
16/12/2019 18:46:20.727,3111,SWAP001 @30204D,288120,4F04AE0648FF,110.3,171.0,-18.4,
16/12/2019 18:46:20.727,3111,SWAP001 @30204D,288130,C508750A51FB,224.5,267.7,-119.9,
16/12/2019 18:46:20.728,3112,SWAP001 @30204D,288140,2C090C0B6CF7,234.8,282.8,-219.6,
16/12/2019 18:46:20.729,3113,SWAP001 @30204D,288150,7603F8095FF6,88.6,255.2,-246.5,
16/12/2019 18:46:20.731,3115,SWAP001 @30204D,288160,1EFD350A92F5,-73.8,261.3,-267.0,
16/12/2019 18:46:20.774,3158,SWAP001 @30204D,288170,F9F7E70A9CF5,-205.5,279.1,-266.0,
16/12/2019 18:46:20.776,3160,SWAP001 @30204D,288190,E0F2B111F5F6,-336.0,452.9,-231.5,
16/12/2019 18:46:20.776,3160,SWAP001 @30204D,288200,05F5F91181F7,-281.1,460.1,-217.5,
16/12/2019 18:46:20.775,3159,SWAP001 @30204D,288180,38F1210F5DF7,-378.4,387.3,-221.1,
16/12/2019 18:46:20.819,3203,SWAP001 @30204D,288210,C6F5DA11C6F7,-261.8,457.0,-210.6,
16/12/2019 18:46:20.820,3204,SWAP001 @30204D,288220,E0F7B311E1F6,-208.0,453.1,-233.5,
16/12/2019 18:46:20.820,3204,SWAP001 @30204D,288240,2CFC1410A2F6,-98.0,411.6,-239.8,
16/12/2019 18:46:20.820,3204,SWAP001 @30204D,288250,E2FB9D0E28F7,-105.4,374.1,-226.4,
16/12/2019 18:46:20.820,3204,SWAP001 @30204D,288230,04FBEA108DF6,-127.6,433.0,-241.9,
16/12/2019 18:46:20.862,3246,SWAP001 @30204D,288260,67FC2D0C3BF8,-92.1,311.7,-198.9,
16/12/2019 18:46:20.863,3247,SWAP001 @30204D,288280,A5010B07F3FB,42.1,180.3,-103.7,
16/12/2019 18:46:20.863,3247,SWAP001 @30204D,288270,D3FEE609CFF9,-30.1,253.4,-158.5,
16/12/2019 18:46:20.865,3249,SWAP001 @30204D,288290,BC023B02AAFF,70.0,57.1,-8.6,
16/12/2019 18:46:20.908,3292,SWAP001 @30204D,288300,F4023CFEFB03,75.6,-45.2,101.9,
16/12/2019 18:46:20.910,3294,SWAP001 @30204D,288340,9E0631ED0609,169.4,-481.5,231.0,
16/12/2019 18:46:20.910,3294,SWAP001 @30204D,288320,E704C0F4E307,125.5,-288.0,201.9,
16/12/2019 18:46:20.910,3294,SWAP001 @30204D,288330,290771F0F306,183.3,-398.3,177.9,
16/12/2019 18:46:20.908,3292,SWAP001 @30204D,288310,B902A0FA7F06,69.7,-137.6,166.3,
16/12/2019 18:46:20.954,3338,SWAP001 @30204D,288360,21FF7DEBB60E,-22.3,-525.1,376.6,
16/12/2019 18:46:20.954,3338,SWAP001 @30204D,288350,F0FF77EB9B0D,-1.6,-525.7,348.3,
16/12/2019 18:46:20.954,3338,SWAP001 @30204D,288380,64FED8E9430F,-41.2,-567.2,390.7,
16/12/2019 18:46:20.954,3338,SWAP001 @30204D,288370,D6FEACEA490F,-29.8,-546.0,391.3,
16/12/2019 18:46:20.997,3381,SWAP001 @30204D,288400,A0FE77E80E0E,-35.2,-602.5,359.8,
16/12/2019 18:46:20.997,3381,SWAP001 @30204D,288390,55FE2AE9D60E,-42.7,-584.6,379.8,
16/12/2019 18:46:20.999,3383,SWAP001 @30204D,288420,D4009FE8290D,21.2,-598.5,336.9,
16/12/2019 18:46:20.999,3383,SWAP001 @30204D,288410,7BFF49E84E0D,-13.3,-607.1,340.6,
16/12/2019 18:46:21.001,3385,SWAP001 @30204D,288430,A1010EE9290D,41.7,-587.4,336.9,
16/12/2019 18:46:21.043,3427,SWAP001 @30204D,288460,CBFF07E9060C,-5.3,-588.1,307.8,
16/12/2019 18:46:21.042,3426,SWAP001 @30204D,288440,B0003AE9F80C,17.6,-583.0,332.0,
16/12/2019 18:46:21.043,3427,SWAP001 @30204D,288450,97FFEFE88D0C,-10.5,-590.5,321.3,
16/12/2019 18:46:21.044,3428,SWAP001 @30204D,288470,72FE73E99D0B,-39.8,-577.3,297.3,
16/12/2019 18:46:21.087,3471,SWAP001 @30204D,288480,B8FCECE8B00A,-84.0,-590.8,273.6,
16/12/2019 18:46:21.087,3471,SWAP001 @30204D,288490,45FE2DE9FF09,-44.3,-584.3,255.9,
16/12/2019 18:46:21.090,3474,SWAP001 @30204D,288510,4E0C0CEC1B04,315.0,-510.8,105.1,
16/12/2019 18:46:21.088,3472,SWAP001 @30204D,288500,98042FEB9008,117.6,-532.9,219.2,
16/12/2019 18:46:21.092,3476,SWAP001 @30204D,288520,1E1454ED6E04,515.0,-478.0,113.4,
16/12/2019 18:46:21.133,3517,SWAP001 @30204D,288530,71FBADFC4E03,-116.7,-85.1,84.6,
16/12/2019 18:46:21.134,3518,SWAP001 @30204D,288540,ABF44402FE00,-290.1,58.0,25.4,
16/12/2019 18:46:21.134,3518,SWAP001 @30204D,288550,51F9B5042EFF,-171.1,120.5,-21.0,
16/12/2019 18:46:21.135,3519,SWAP001 @30204D,288560,3AFAA40684FB,-147.8,170.0,-114.8,
16/12/2019 18:46:21.177,3561,SWAP001 @30204D,288570,14F7C909E5F8,-228.4,250.5,-181.9,
16/12/2019 18:46:21.179,3563,SWAP001 @30204D,288600,92FFDD0377FB,-11.0,98.9,-116.1,
16/12/2019 18:46:21.180,3564,SWAP001 @30204D,288610,BC0DCD111CEC,351.6,455.7,-509.2,
16/12/2019 18:46:21.177,3561,SWAP001 @30204D,288580,19F9070B8CF9,-176.7,282.3,-165.2,
16/12/2019 18:46:21.179,3563,SWAP001 @30204D,288590,03FA6C082DFB,-153.3,215.6,-123.5,
16/12/2019 18:46:21.222,3606,SWAP001 @30204D,288620,E8092B1B03F2,253.6,695.5,-358.1,
16/12/2019 18:46:21.224,3608,SWAP001 @30204D,288630,2C0AD60371FD,260.4,98.2,-65.5,
16/12/2019 18:46:21.225,3609,SWAP001 @30204D,288640,98F9410BABF7,-164.0,288.1,-213.3,
16/12/2019 18:46:21.227,3611,SWAP001 @30204D,288650,ABFA9F0D84F4,-136.5,348.7,-294.0,
16/12/2019 18:46:21.268,3652,SWAP001 @30204D,288660,E207F3087BF7,201.8,229.1,-218.1,
16/12/2019 18:46:21.268,3652,SWAP001 @30204D,288670,2C037607B0F6,81.2,191.0,-238.4,
16/12/2019 18:46:21.270,3654,SWAP001 @30204D,288690,92FDFD0628FA,-62.2,178.9,-149.6,
16/12/2019 18:46:21.269,3653,SWAP001 @30204D,288680,4AFF3607F0F8,-18.2,184.6,-180.8,
16/12/2019 18:46:21.271,3655,SWAP001 @30204D,288700,62FF7705A0FA,-15.8,139.9,-137.6,
16/12/2019 18:46:21.313,3697,SWAP001 @30204D,288720,F1021C041BFB,75.3,105.2,-125.3,
16/12/2019 18:46:21.313,3697,SWAP001 @30204D,288730,F400C1036FFB,24.4,96.1,-116.9,
16/12/2019 18:46:21.313,3697,SWAP001 @30204D,288710,74025B0408FB,62.8,111.5,-127.2,
16/12/2019 18:46:21.314,3698,SWAP001 @30204D,288740,99FCC60386FC,-87.1,96.6,-89.0,
16/12/2019 18:46:21.404,3788,SWAP001 @30204D,288770,78F21C03FCFE,-346.4,79.6,-26.0,
16/12/2019 18:46:21.403,3787,SWAP001 @30204D,288760,F1F3AD03B5FE,-308.7,94.1,-33.1,
16/12/2019 18:46:21.407,3791,SWAP001 @30204D,288800,BEFB1B0498FD,-109.0,105.1,-61.6,
16/12/2019 18:46:21.403,3787,SWAP001 @30204D,288750,7EF7150437FE,-217.8,104.5,-45.7,
16/12/2019 18:46:21.406,3790,SWAP001 @30204D,288790,6AF5E50290FB,-271.0,74.1,-113.6,
16/12/2019 18:46:21.407,3791,SWAP001 @30204D,288810,A90336080500,93.7,210.2,0.5,
16/12/2019 18:46:21.407,3790,SWAP001 @30204D,288780,E0F22103D1FD,-336.0,80.1,-55.9,
16/12/2019 18:46:21.449,3833,SWAP001 @30204D,288860,7FF9910A1AF6,-166.5,270.5,-253.4,
16/12/2019 18:46:21.449,3833,SWAP001 @30204D,288850,4FFE1E0A5DF6,-43.3,259.0,-246.7,
16/12/2019 18:46:21.449,3833,SWAP001 @30204D,288870,FCF5640B9DF6,-256.4,291.6,-240.3,
16/12/2019 18:46:21.450,3834,SWAP001 @30204D,288880,DAF1570F17F7,-362.2,392.7,-228.1,
16/12/2019 18:46:21.449,3833,SWAP001 @30204D,288840,3B056D0A08F7,133.9,266.9,-229.6,
16/12/2019 18:46:21.492,3876,SWAP001 @30204D,288900,19F63511B0F7,-253.5,440.5,-212.8,
16/12/2019 18:46:21.492,3876,SWAP001 @30204D,288890,E7F4741120F7,-284.1,446.8,-227.2,
16/12/2019 18:46:21.497,3881,SWAP001 @30204D,288910,9BF5A61180F7,-266.1,451.8,-217.6,
16/12/2019 18:46:21.497,3881,SWAP001 @30204D,288920,6EF7EA1136F7,-219.4,458.6,-225.0,
16/12/2019 18:46:21.539,3923,SWAP001 @30204D,288930,5BF9DF100AF8,-170.1,431.9,-203.8,
16/12/2019 18:46:21.539,3923,SWAP001 @30204D,288940,92FA940FA2F8,-139.0,398.8,-188.6,
16/12/2019 18:46:21.539,3923,SWAP001 @30204D,288950,1EFCC10D9EF8,-99.4,352.1,-189.0,
16/12/2019 18:46:21.541,3925,SWAP001 @30204D,288970,80FED60846F9,-38.4,226.2,-172.2,
16/12/2019 18:46:21.541,3925,SWAP001 @30204D,288960,85FD840BC2F8,-63.5,294.8,-185.4,
16/12/2019 18:46:21.582,3966,SWAP001 @30204D,288980,48FFA40661FA,-18.4,170.0,-143.9,
16/12/2019 18:46:21.584,3968,SWAP001 @30204D,289000,78FFAB01E100,-13.6,42.7,22.5,
16/12/2019 18:46:21.584,3968,SWAP001 @30204D,288990,96FF8305DFFC,-10.6,141.1,-80.1,
16/12/2019 18:46:21.584,3968,SWAP001 @30204D,289010,AEFEADFC2606,-33.8,-85.1,157.4,
16/12/2019 18:46:21.627,4011,SWAP001 @30204D,289030,680571F28D0A,138.4,-347.1,270.1,
16/12/2019 18:46:21.627,4011,SWAP001 @30204D,289020,BF00A1F96409,19.1,-163.1,240.4,
16/12/2019 18:46:21.628,4012,SWAP001 @30204D,289040,E509DCEEA609,253.3,-438.8,247.0,
16/12/2019 18:46:21.631,4015,SWAP001 @30204D,289050,C30B97EC080C,301.1,-496.9,308.0,
16/12/2019 18:46:21.632,4016,SWAP001 @30204D,289060,D603D0EBA710,98.2,-516.8,426.3,
16/12/2019 18:46:21.673,4057,SWAP001 @30204D,289070,73014FEC6411,37.1,-504.1,445.2,
16/12/2019 18:46:21.676,4060,SWAP001 @30204D,289090,0DFFEAEA8411,-24.3,-539.8,448.4,
16/12/2019 18:46:21.676,4060,SWAP001 @30204D,289100,90FF54EABE10,-11.2,-554.8,428.6,
16/12/2019 18:46:21.676,4060,SWAP001 @30204D,289080,2A00B6EBBD11,4.2,-519.4,454.1,
16/12/2019 18:46:21.718,4102,SWAP001 @30204D,289130,910165EAE10F,40.1,-553.1,406.5,
16/12/2019 18:46:21.718,4102,SWAP001 @30204D,289120,9A0027EA1010,15.4,-559.3,411.2,
16/12/2019 18:46:21.718,4102,SWAP001 @30204D,289110,6700FAE92B10,10.3,-563.8,413.9,
16/12/2019 18:46:21.718,4102,SWAP001 @30204D,289140,100314EAA20F,78.4,-561.2,400.2,
16/12/2019 18:46:21.721,4105,SWAP001 @30204D,289150,4D04FDE9590F,110.1,-563.5,392.9,
16/12/2019 18:46:21.764,4148,SWAP001 @30204D,289160,AE0552E9A10E,145.4,-580.6,374.5,
16/12/2019 18:46:21.766,4150,SWAP001 @30204D,289190,47025EE7730B,58.3,-630.6,293.1,
16/12/2019 18:46:21.766,4149,SWAP001 @30204D,289170,7C05F3E8DD0D,140.4,-590.1,354.9,
16/12/2019 18:46:21.766,4150,SWAP001 @30204D,289180,8103F3E79D0C,89.7,-615.7,322.9,
16/12/2019 18:46:21.808,4192,SWAP001 @30204D,289200,A6049FE8A009,119.0,-598.5,246.4,
16/12/2019 18:46:21.810,4194,SWAP001 @30204D,289210,6C0A45E94404,266.8,-581.9,109.2,
16/12/2019 18:46:21.811,4195,SWAP001 @30204D,289230,DE0CE3EF6704,329.4,-412.5,112.7,
16/12/2019 18:46:21.811,4195,SWAP001 @30204D,289240,F2F20301BC03,-334.2,25.9,95.6,
16/12/2019 18:46:21.810,4194,SWAP001 @30204D,289220,6F105DEAE401,420.7,-553.9,48.4,
16/12/2019 18:46:21.853,4237,SWAP001 @30204D,289250,6BF56A03D100,-270.9,87.4,20.9,
16/12/2019 18:46:21.853,4237,SWAP001 @30204D,289260,79F844056EFC,-192.7,134.8,-91.4,
16/12/2019 18:46:21.853,4237,SWAP001 @30204D,289270,14F76607D6F8,-228.4,189.4,-183.4,
16/12/2019 18:46:21.856,4240,SWAP001 @30204D,289280,43F7FF0992F8,-223.7,255.9,-190.2,
16/12/2019 18:46:21.897,4281,SWAP001 @30204D,289290,DDF8FF0A7FFA,-182.7,281.5,-140.9,
16/12/2019 18:46:21.899,4283,SWAP001 @30204D,289300,7FF97308DFFA,-166.5,216.3,-131.3,
16/12/2019 18:46:21.899,4283,SWAP001 @30204D,289310,D7FE2B023EFA,-29.7,55.5,-147.4,
16/12/2019 18:46:21.900,4284,SWAP001 @30204D,289320,54088F0C9FEE,213.2,321.5,-444.9,
16/12/2019 18:46:21.901,4285,SWAP001 @30204D,289330,020A421DC7EC,256.2,749.0,-492.1,
16/12/2019 18:46:21.943,4327,SWAP001 @30204D,289350,83FC0B0AE8F7,-89.3,257.1,-207.2,
16/12/2019 18:46:21.943,4327,SWAP001 @30204D,289340,9507BB0632FB,194.1,172.3,-123.0,
16/12/2019 18:46:21.944,4328,SWAP001 @30204D,289370,B20CBD0708F6,325.0,198.1,-255.2,
16/12/2019 18:46:21.943,4327,SWAP001 @30204D,289360,CEF88C0E26F5,-184.2,372.4,-277.8,
16/12/2019 18:46:21.989,4373,SWAP001 @30204D,289390,6AFF860713F9,-15.0,192.6,-177.3,
16/12/2019 18:46:21.989,4373,SWAP001 @30204D,289410,F8FDEE0673FA,-52.0,177.4,-142.1,
16/12/2019 18:46:21.989,4373,SWAP001 @30204D,289400,BFFEA50763F9,-32.1,195.7,-169.3,
16/12/2019 18:46:21.988,4372,SWAP001 @30204D,289380,84037D08E9F5,90.0,217.3,-258.3,
16/12/2019 18:46:21.991,4375,SWAP001 @30204D,289420,E5016E053BFB,48.5,139.0,-122.1,
16/12/2019 18:46:22.078,4462,SWAP001 @30204D,289430,5B04980402FB,111.5,117.6,-127.8,
16/12/2019 18:46:22.079,4463,SWAP001 @30204D,289450,0601EF03A7FA,26.2,100.7,-136.9,
16/12/2019 18:46:22.079,4463,SWAP001 @30204D,289440,830461043BFA,115.5,112.1,-147.7,
16/12/2019 18:46:22.081,4465,SWAP001 @30204D,289470,63F7A803A1FD,-220.5,93.6,-60.7,
16/12/2019 18:46:22.083,4467,SWAP001 @30204D,289480,D4F4B7032BFD,-286.0,95.1,-72.5,
16/12/2019 18:46:22.080,4464,SWAP001 @30204D,289460,0AFC9503B3FC,-101.4,91.7,-84.5,
16/12/2019 18:46:22.084,4468,SWAP001 @30204D,289490,71F4D50276FD,-295.9,72.5,-65.0,
16/12/2019 18:46:22.122,4506,SWAP001 @30204D,289530,32028607E4FE,56.2,192.6,-28.4,
16/12/2019 18:46:22.122,4506,SWAP001 @30204D,289520,4DF96B034DFD,-171.5,87.5,-69.1,
16/12/2019 18:46:22.124,4508,SWAP001 @30204D,289540,AA09C50B3FFB,247.4,301.3,-121.7,
16/12/2019 18:46:22.126,4510,SWAP001 @30204D,289550,CA0AC40B6AF8,276.2,301.2,-194.2,
16/12/2019 18:46:22.167,4551,SWAP001 @30204D,289560,1C049709DAF6,105.2,245.5,-234.2,
16/12/2019 18:46:22.168,4552,SWAP001 @30204D,289570,F2FCAE0989F5,-78.2,247.8,-267.9,
16/12/2019 18:46:22.169,4553,SWAP001 @30204D,289590,BBF2A90D46F6,-339.7,349.7,-249.0,
16/12/2019 18:46:22.168,4552,SWAP001 @30204D,289580,FDF75B0A79F5,-205.1,265.1,-269.5,
16/12/2019 18:46:22.171,4555,SWAP001 @30204D,289600,8BF24B0FFBF6,-344.5,391.5,-230.9,
16/12/2019 18:46:22.212,4596,SWAP001 @30204D,289610,16F4801092F7,-305.0,422.4,-215.8,
16/12/2019 18:46:22.213,4597,SWAP001 @30204D,289620,94F3071107F8,-318.0,435.9,-204.1,
16/12/2019 18:46:22.214,4598,SWAP001 @30204D,289630,D5F4231223F8,-285.9,464.3,-201.3,
16/12/2019 18:46:22.215,4599,SWAP001 @30204D,289640,C9F7B311AAF8,-210.3,453.1,-187.8,
16/12/2019 18:46:22.257,4641,SWAP001 @30204D,289650,19FA92101AF9,-151.1,424.2,-176.6,
16/12/2019 18:46:22.258,4642,SWAP001 @30204D,289660,79FC4B0FCBF8,-90.3,391.5,-184.5,
16/12/2019 18:46:22.260,4644,SWAP001 @30204D,289680,61FEEB09D4F8,-41.5,253.9,-183.6,
16/12/2019 18:46:22.260,4644,SWAP001 @30204D,289670,E1FD1C0D62F8,-54.3,335.6,-195.0,
16/12/2019 18:46:22.260,4644,SWAP001 @30204D,289690,51FF7C0722FA,-17.5,191.6,-150.2,
16/12/2019 18:46:22.302,4686,SWAP001 @30204D,289700,0400E005BDFC,0.4,150.4,-83.5,
16/12/2019 18:46:22.304,4688,SWAP001 @30204D,289710,A7FE28018501,-34.5,29.6,38.9,
16/12/2019 18:46:22.304,4688,SWAP001 @30204D,289720,67FEE2FC9405,-40.9,-79.8,142.8,
16/12/2019 18:46:22.306,4690,SWAP001 @30204D,289730,680059F9A806,10.4,-170.3,170.4,
16/12/2019 18:46:22.348,4732,SWAP001 @30204D,289740,770401F35407,114.3,-332.7,187.6,
16/12/2019 18:46:22.352,4736,SWAP001 @30204D,289760,CE08B3EC0D09,225.4,-494.1,231.7,
16/12/2019 18:46:22.352,4737,SWAP001 @30204D,289780,D90122EC630E,47.3,-508.6,368.3,
16/12/2019 18:46:22.352,4736,SWAP001 @30204D,289750,DC0748EFF606,201.2,-428.0,178.2,
16/12/2019 18:46:22.352,4736,SWAP001 @30204D,289770,B50277EB3C0D,69.3,-525.7,338.8,
16/12/2019 18:46:22.398,4782,SWAP001 @30204D,289790,3D02CAEB300F,57.3,-517.4,388.8,
16/12/2019 18:46:22.399,4783,SWAP001 @30204D,289820,470243EA870E,58.3,-556.5,371.9,
16/12/2019 18:46:22.399,4783,SWAP001 @30204D,289800,1E0259EB6B0F,54.2,-528.7,394.7,
16/12/2019 18:46:22.399,4783,SWAP001 @30204D,289810,F701CBEA1E0F,50.3,-542.9,387.0,
16/12/2019 18:46:22.439,4823,SWAP001 @30204D,289830,BB0213EA130E,69.9,-561.3,360.3,
16/12/2019 18:46:22.443,4827,SWAP001 @30204D,289850,3002D2E9130E,56.0,-567.8,360.3,
16/12/2019 18:46:22.443,4827,SWAP001 @30204D,289840,7702F6E92E0E,63.1,-564.2,363.0,
16/12/2019 18:46:22.443,4827,SWAP001 @30204D,289860,1D0292E9B70D,54.1,-574.2,351.1,
16/12/2019 18:46:22.449,4833,SWAP001 @30204D,289870,E101A8E9320D,48.1,-572.0,337.8,
16/12/2019 18:46:22.482,4866,SWAP001 @30204D,289880,C600BCE9F70C,19.8,-570.0,331.9,
16/12/2019 18:46:22.484,4868,SWAP001 @30204D,289890,51FF04EAC70C,-17.5,-562.8,327.1,
16/12/2019 18:46:22.484,4868,SWAP001 @30204D,289910,FFFDDDE9830A,-51.3,-566.7,269.1,
16/12/2019 18:46:22.484,4868,SWAP001 @30204D,289900,97FE41EABB0B,-36.1,-556.7,300.3,
16/12/2019 18:46:22.533,4917,SWAP001 @30204D,289920,E20056EAB308,22.6,-554.6,222.7,
16/12/2019 18:46:22.533,4917,SWAP001 @30204D,289930,BA06ECEB9F05,172.2,-514.0,143.9,
16/12/2019 18:46:22.533,4917,SWAP001 @30204D,289940,F60E71EC8C04,383.0,-500.7,116.4,
16/12/2019 18:46:22.534,4918,SWAP001 @30204D,289960,E8F4BE018201,-284.0,44.6,38.6,
16/12/2019 18:46:22.534,4918,SWAP001 @30204D,289950,35FE0BFB0003,-45.9,-126.9,76.8,
16/12/2019 18:46:22.573,4957,SWAP001 @30204D,289970,01F97104EAFF,-179.1,113.7,-2.2,
16/12/2019 18:46:22.574,4958,SWAP001 @30204D,290000,90FBE90AB9F8,-113.6,279.3,-186.3,
16/12/2019 18:46:22.574,4958,SWAP001 @30204D,289990,E3FAC00845F9,-130.9,224.0,-172.3,
16/12/2019 18:46:22.574,4958,SWAP001 @30204D,289980,A4FD4006D2FC,-60.4,160.0,-81.4,
16/12/2019 18:46:22.619,5003,SWAP001 @30204D,290030,FC05B50E6DF0,153.2,376.5,-398.7,
16/12/2019 18:46:22.620,5004,SWAP001 @30204D,290050,58070E091BFB,188.0,231.8,-125.3,
16/12/2019 18:46:22.619,5003,SWAP001 @30204D,290010,A5FB6C0824FA,-111.5,215.6,-150.0,
16/12/2019 18:46:22.619,5003,SWAP001 @30204D,290020,5FFE2F0480FA,-41.7,107.1,-140.8,
16/12/2019 18:46:22.620,5004,SWAP001 @30204D,290040,2609901B8EED,234.2,705.6,-472.2,
16/12/2019 18:46:22.667,5051,SWAP001 @30204D,290080,D606510A70F7,175.0,264.1,-219.2,
16/12/2019 18:46:22.666,5050,SWAP001 @30204D,290060,9001F80844F8,40.0,229.6,-198.0,
16/12/2019 18:46:22.667,5051,SWAP001 @30204D,290070,11FA5E0E54F5,-151.9,367.8,-273.2,
16/12/2019 18:46:22.667,5051,SWAP001 @30204D,290090,8B064A084BF6,167.5,212.2,-248.5,
16/12/2019 18:46:22.711,5095,SWAP001 @30204D,290110,60FD13085AFA,-67.2,206.7,-144.6,
16/12/2019 18:46:22.711,5095,SWAP001 @30204D,290100,A1FFC3072DF8,-9.5,198.7,-200.3,
16/12/2019 18:46:22.712,5096,SWAP001 @30204D,290120,65FD04068DFB,-66.7,154.0,-113.9,
16/12/2019 18:46:22.712,5096,SWAP001 @30204D,290140,A402BB0417FC,67.6,121.1,-100.1,
16/12/2019 18:46:22.712,5096,SWAP001 @30204D,290130,E9FF920509FC,-2.3,142.6,-101.5,
16/12/2019 18:46:22.757,5141,SWAP001 @30204D,290150,1E044B042AFC,105.4,109.9,-98.2,
16/12/2019 18:46:22.757,5141,SWAP001 @30204D,290160,1B03B30372FB,79.5,94.7,-116.6,
16/12/2019 18:46:22.758,5142,SWAP001 @30204D,290170,ACFE8D03B0FC,-34.0,90.9,-84.8,
16/12/2019 18:46:22.758,5142,SWAP001 @30204D,290180,6FF93D0353FE,-168.1,82.9,-42.9,
16/12/2019 18:46:22.806,5190,SWAP001 @30204D,290200,37F4ED02C5FD,-301.7,74.9,-57.1,
16/12/2019 18:46:22.806,5190,SWAP001 @30204D,290190,91F55F0333FE,-267.1,86.3,-46.1,
16/12/2019 18:46:22.809,5193,SWAP001 @30204D,290210,02F4AA026BFD,-307.0,68.2,-66.1,
16/12/2019 18:46:22.809,5193,SWAP001 @30204D,290220,C8F2750266FB,-338.4,62.9,-117.8,
16/12/2019 18:46:22.812,5196,SWAP001 @30204D,290230,65F6B50391FB,-245.9,94.9,-113.5,
16/12/2019 18:46:22.847,5231,SWAP001 @30204D,290270,3503E90A3DF9,82.1,279.3,-173.1,
16/12/2019 18:46:22.847,5231,SWAP001 @30204D,290260,8F088A0C91FA,219.1,321.0,-139.1,
16/12/2019 18:46:22.846,5230,SWAP001 @30204D,290250,0A06D80A52FD,154.6,277.6,-68.6,
16/12/2019 18:46:22.845,5229,SWAP001 @30204D,290240,DDFF9B061AFF,-3.5,169.1,-23.0,
16/12/2019 18:46:22.894,5278,SWAP001 @30204D,290290,28F94F0B5FF7,-175.2,289.5,-220.9,
16/12/2019 18:46:22.894,5278,SWAP001 @30204D,290310,B4F4520FEDF6,-289.2,392.2,-232.3,
16/12/2019 18:46:22.893,5277,SWAP001 @30204D,290280,E6FCE20AC5F7,-79.4,278.6,-210.7,
16/12/2019 18:46:22.894,5278,SWAP001 @30204D,290320,E6F64E11CFF6,-233.0,443.0,-235.3,
16/12/2019 18:46:22.894,5278,SWAP001 @30204D,290300,A5F4360D32F7,-290.7,338.2,-225.4,
16/12/2019 18:46:22.934,5318,SWAP001 @30204D,290330,B7F75A112DF7,-212.1,444.2,-225.9,
16/12/2019 18:46:22.934,5318,SWAP001 @30204D,290350,D3F77C1250F7,-209.3,473.2,-222.4,
16/12/2019 18:46:22.935,5319,SWAP001 @30204D,290360,62FAE711ECF7,-143.8,458.3,-206.8,
16/12/2019 18:46:22.934,5318,SWAP001 @30204D,290340,C0F6891154F7,-236.8,448.9,-222.0,
16/12/2019 18:46:22.980,5364,SWAP001 @30204D,290390,05FEE00D14F9,-50.7,355.2,-177.2,
16/12/2019 18:46:22.980,5364,SWAP001 @30204D,290410,8C00E109C7FA,14.0,252.9,-133.7,
16/12/2019 18:46:22.980,5364,SWAP001 @30204D,290380,E7FCB40FC4F8,-79.3,402.0,-185.2,
16/12/2019 18:46:22.980,5364,SWAP001 @30204D,290400,16FF9F0B98F9,-23.4,297.5,-164.0,
16/12/2019 18:46:22.980,5364,SWAP001 @30204D,290370,CAFBCE107DF8,-107.8,430.2,-192.3,
16/12/2019 18:46:23.025,5409,SWAP001 @30204D,290420,92027B0889FC,65.8,217.1,-88.7,
16/12/2019 18:46:23.028,5412,SWAP001 @30204D,290450,BA0285FCA205,69.8,-89.1,144.2,
16/12/2019 18:46:23.026,5410,SWAP001 @30204D,290430,D303C4047AFE,97.9,122.0,-39.0,
16/12/2019 18:46:23.028,5412,SWAP001 @30204D,290440,8B03FCFFE101,90.7,-0.4,48.1,
16/12/2019 18:46:23.071,5455,SWAP001 @30204D,290470,110491F2020A,104.1,-343.9,256.2,
16/12/2019 18:46:23.073,5457,SWAP001 @30204D,290500,04FE15EB600F,-50.8,-535.5,393.6,
16/12/2019 18:46:23.070,5454,SWAP001 @30204D,290460,D50210F88108,72.5,-203.2,217.7,
16/12/2019 18:46:23.072,5456,SWAP001 @30204D,290480,9703A5EC7B0C,91.9,-495.5,319.5,
16/12/2019 18:46:23.073,5457,SWAP001 @30204D,290490,33003FEB980E,5.1,-531.3,373.6,
16/12/2019 18:46:23.121,5506,SWAP001 @30204D,290540,9402D1E8FE0E,66.0,-593.5,383.8,
16/12/2019 18:46:23.121,5505,SWAP001 @30204D,290530,D8008DE9490F,21.6,-574.7,391.3,
16/12/2019 18:46:23.121,5505,SWAP001 @30204D,290510,6FFEDDEA1D0F,-40.1,-541.1,386.9,
16/12/2019 18:46:23.121,5505,SWAP001 @30204D,290520,7CFF2EEA380F,-13.2,-558.6,389.6,
16/12/2019 18:46:23.158,5542,SWAP001 @30204D,290560,950558E8330E,142.9,-605.6,363.5,
16/12/2019 18:46:23.158,5542,SWAP001 @30204D,290570,8D066DE8210E,167.7,-603.5,361.7,
16/12/2019 18:46:23.158,5542,SWAP001 @30204D,290550,2C0452E8660E,106.8,-606.2,368.6,
16/12/2019 18:46:23.159,5543,SWAP001 @30204D,290580,8606E0E7000E,167.0,-617.6,358.4,
16/12/2019 18:46:23.160,5544,SWAP001 @30204D,290590,030569E7D10D,128.3,-629.5,353.7,
16/12/2019 18:46:23.204,5588,SWAP001 @30204D,290630,EAFDFEE7680B,-53.4,-614.6,292.0,
16/12/2019 18:46:23.204,5588,SWAP001 @30204D,290620,94FEAFE74B0C,-36.4,-622.5,314.7,
16/12/2019 18:46:23.204,5588,SWAP001 @30204D,290600,80036FE6410D,89.6,-654.5,339.3,
16/12/2019 18:46:23.204,5588,SWAP001 @30204D,290610,2D011AE7EC0C,30.1,-637.4,330.8,
16/12/2019 18:46:23.251,5635,SWAP001 @30204D,290640,A1011EEA4B0A,41.7,-560.2,263.5,
16/12/2019 18:46:23.251,5635,SWAP001 @30204D,290660,7905B7F3C705,140.1,-314.5,147.9,
16/12/2019 18:46:23.252,5636,SWAP001 @30204D,290680,85F8CC005F00,-191.5,20.4,9.5,
16/12/2019 18:46:23.251,5635,SWAP001 @30204D,290650,47063DECE305,160.7,-505.9,150.7,
16/12/2019 18:46:23.252,5636,SWAP001 @30204D,290670,92FA1BFC8D03,-139.0,-99.7,90.9,
16/12/2019 18:46:23.298,5682,SWAP001 @30204D,290720,94FA3207BFFA,-138.8,184.2,-134.5,
16/12/2019 18:46:23.298,5682,SWAP001 @30204D,290700,C7FB750698FA,-108.1,165.3,-138.4,
16/12/2019 18:46:23.298,5681,SWAP001 @30204D,290690,9CFC6B0363FD,-86.8,87.5,-66.9,
16/12/2019 18:46:23.298,5682,SWAP001 @30204D,290710,EBF8920981F9,-181.3,245.0,-166.3,
16/12/2019 18:46:23.340,5724,SWAP001 @30204D,290750,58092217E8F1,239.2,592.2,-360.8,
16/12/2019 18:46:23.339,5723,SWAP001 @30204D,290730,020042065BF9,0.2,160.2,-170.1,
16/12/2019 18:46:23.339,5723,SWAP001 @30204D,290740,DA090B1527ED,252.2,538.7,-482.5,
16/12/2019 18:46:23.339,5724,SWAP001 @30204D,290760,1B061606F0FA,156.3,155.8,-129.6,
16/12/2019 18:46:23.342,5726,SWAP001 @30204D,290770,9DF95A0DAFF6,-163.5,341.8,-238.5,
16/12/2019 18:46:23.385,5769,SWAP001 @30204D,290780,F0FFE70D3CF4,-1.6,355.9,-301.2,
16/12/2019 18:46:23.388,5772,SWAP001 @30204D,290790,C809BD097FF7,250.4,249.3,-217.7,
16/12/2019 18:46:23.390,5774,SWAP001 @30204D,290800,74026B094DF6,62.8,241.1,-248.3,
16/12/2019 18:46:23.391,5775,SWAP001 @30204D,290810,38FEF20774F8,-45.6,203.4,-193.2,
16/12/2019 18:46:23.446,5830,SWAP001 @30204D,290820,DAFC930813FA,-80.6,219.5,-151.7,
16/12/2019 18:46:23.447,5831,SWAP001 @30204D,290860,F4043604A9FB,126.8,107.8,-111.1,
16/12/2019 18:46:23.447,5831,SWAP001 @30204D,290840,DB006E050FFC,21.9,139.0,-100.9,
16/12/2019 18:46:23.447,5831,SWAP001 @30204D,290830,F5FFF0056EFB,-1.1,152.0,-117.0,
16/12/2019 18:46:23.447,5831,SWAP001 @30204D,290850,97039404F9FB,91.9,117.2,-103.1,
16/12/2019 18:46:23.473,5857,SWAP001 @30204D,290880,98FE2F0393FC,-36.0,81.5,-87.7,
16/12/2019 18:46:23.473,5857,SWAP001 @30204D,290890,DDF8B402E6FD,-182.7,69.2,-53.8,
16/12/2019 18:46:23.473,5857,SWAP001 @30204D,290870,80038703F8FA,89.6,90.3,-128.8,
16/12/2019 18:46:23.474,5858,SWAP001 @30204D,290900,B2F58102C2FD,-263.8,64.1,-57.4,
16/12/2019 18:46:23.519,5903,SWAP001 @30204D,290930,9FF5C70198FB,-265.7,45.5,-112.8,
16/12/2019 18:46:23.519,5903,SWAP001 @30204D,290920,2BF6850215FD,-251.7,64.5,-74.7,
16/12/2019 18:46:23.518,5902,SWAP001 @30204D,290910,F3F5520243FE,-257.3,59.4,-44.5,
16/12/2019 18:46:23.519,5903,SWAP001 @30204D,290950,0206E50885FD,153.8,227.7,-63.5,
16/12/2019 18:46:23.519,5903,SWAP001 @30204D,290940,D6FAFC033AFE,-132.2,102.0,-45.4,
16/12/2019 18:46:23.565,5949,SWAP001 @30204D,290980,4A05CA095FF5,135.4,250.6,-272.1,
16/12/2019 18:46:23.564,5948,SWAP001 @30204D,290960,FE0CD30D05F9,332.6,353.9,-178.7,
16/12/2019 18:46:23.565,5949,SWAP001 @30204D,290990,0BFF060A10F4,-24.5,256.6,-305.6,
16/12/2019 18:46:23.564,5948,SWAP001 @30204D,290970,D70B1C0C4EF7,303.1,310.0,-222.6,
16/12/2019 18:46:23.611,5995,SWAP001 @30204D,291000,85FAB80A09F4,-140.3,274.4,-306.3,
16/12/2019 18:46:23.615,5999,SWAP001 @30204D,291020,CAF34310CCF5,-312.6,416.3,-261.2,
16/12/2019 18:46:23.615,5999,SWAP001 @30204D,291030,59F29E1137F6,-349.5,451.0,-250.5,
16/12/2019 18:46:23.615,5999,SWAP001 @30204D,291040,6BF231122BF6,-347.7,465.7,-251.7,
16/12/2019 18:46:23.614,5998,SWAP001 @30204D,291010,2FF6830EA1F4,-251.3,371.5,-291.1,
16/12/2019 18:46:23.655,6039,SWAP001 @30204D,291070,76F77E10C5F6,-218.6,422.2,-236.3,
16/12/2019 18:46:23.654,6038,SWAP001 @30204D,291060,2CF53B11CBF6,-277.2,441.1,-235.7,
16/12/2019 18:46:23.654,6038,SWAP001 @30204D,291050,3EF3BA11A6F6,-326.6,453.8,-239.4,
16/12/2019 18:46:23.661,6045,SWAP001 @30204D,291080,5EF9260FDEF6,-169.8,387.8,-233.8,
16/12/2019 18:46:23.700,6084,SWAP001 @30204D,291110,3CFE2A08B9F8,-45.2,209.0,-186.3,
16/12/2019 18:46:23.699,6083,SWAP001 @30204D,291100,A1FC660A30F8,-86.3,266.2,-200.0,
16/12/2019 18:46:23.699,6083,SWAP001 @30204D,291090,D1FAEF0C73F7,-132.7,331.1,-218.9,
16/12/2019 18:46:23.701,6085,SWAP001 @30204D,291130,A9FD32023BFF,-59.9,56.2,-19.7,
16/12/2019 18:46:23.701,6085,SWAP001 @30204D,291120,1DFFD20568FA,-22.7,149.0,-143.2,
16/12/2019 18:46:23.745,6129,SWAP001 @30204D,291170,7A0BD6ECB107,293.8,-490.6,196.9,
16/12/2019 18:46:23.744,6128,SWAP001 @30204D,291140,84FDA3FCCD04,-63.6,-86.1,122.9,
16/12/2019 18:46:23.745,6129,SWAP001 @30204D,291150,6BFF90F84507,-14.9,-190.4,186.1,
16/12/2019 18:46:23.745,6129,SWAP001 @30204D,291160,3B05CAF18608,133.9,-363.8,218.2,
16/12/2019 18:46:23.790,6174,SWAP001 @30204D,291190,7B0756EB790F,191.5,-529.0,396.1,
16/12/2019 18:46:23.790,6174,SWAP001 @30204D,291220,30017EEA6A12,30.4,-550.6,471.4,
16/12/2019 18:46:23.790,6174,SWAP001 @30204D,291200,B105C2EB1211,145.7,-518.2,437.0,
16/12/2019 18:46:23.789,6173,SWAP001 @30204D,291180,FD0DB4EA560A,358.1,-545.2,264.6,
16/12/2019 18:46:23.790,6174,SWAP001 @30204D,291210,3F0328EB5012,83.1,-533.6,468.8,
16/12/2019 18:46:23.836,6220,SWAP001 @30204D,291250,550194E9F110,34.1,-574.0,433.7,
16/12/2019 18:46:23.835,6219,SWAP001 @30204D,291230,CF0023EAC411,20.7,-559.7,454.8,
16/12/2019 18:46:23.836,6220,SWAP001 @30204D,291260,660130E9FB10,35.8,-584.0,434.7,
16/12/2019 18:46:23.836,6220,SWAP001 @30204D,291240,3601DFE91D11,31.0,-566.5,438.1,
16/12/2019 18:46:23.879,6263,SWAP001 @30204D,291280,C5017EE82710,45.3,-601.8,413.5,
16/12/2019 18:46:23.879,6263,SWAP001 @30204D,291290,A200EDE89A0F,16.2,-590.7,399.4,
16/12/2019 18:46:23.879,6263,SWAP001 @30204D,291270,E901B9E8A910,48.9,-595.9,426.5,
16/12/2019 18:46:23.879,6263,SWAP001 @30204D,291300,BDFE11E9070F,-32.3,-587.1,384.7,
16/12/2019 18:46:23.879,6263,SWAP001 @30204D,291310,FFFD76E8A00D,-51.3,-602.6,348.8,
16/12/2019 18:46:23.925,6309,SWAP001 @30204D,291330,2203F7E9DB09,80.2,-564.1,252.3,
16/12/2019 18:46:23.925,6309,SWAP001 @30204D,291320,53FE95E8590C,-42.9,-599.5,316.1,
16/12/2019 18:46:23.925,6309,SWAP001 @30204D,291340,290A7EEADA04,260.1,-550.6,124.2,
16/12/2019 18:46:23.926,6310,SWAP001 @30204D,291350,9012FCEA6704,475.2,-538.0,112.7,
16/12/2019 18:46:23.969,6353,SWAP001 @30204D,291370,73F7E2000503,-218.9,22.6,77.3,
16/12/2019 18:46:23.969,6353,SWAP001 @30204D,291360,670F4CF0CE05,394.3,-402.0,148.6,
16/12/2019 18:46:23.969,6353,SWAP001 @30204D,291380,D1F86D037E00,-183.9,87.7,12.6,
16/12/2019 18:46:23.970,6354,SWAP001 @30204D,291390,32FA7A0564FC,-148.6,140.2,-92.4,
16/12/2019 18:46:23.969,6354,SWAP001 @30204D,291400,A9F73208A6F8,-213.5,209.8,-188.2,
16/12/2019 18:46:24.014,6398,SWAP001 @30204D,291420,F5F71B0901FA,-205.9,233.1,-153.5,
16/12/2019 18:46:24.014,6398,SWAP001 @30204D,291410,4FF8CA0A88F8,-196.9,276.2,-191.2,
16/12/2019 18:46:24.015,6399,SWAP001 @30204D,291440,9006611016F0,168.0,419.3,-407.4,
16/12/2019 18:46:24.015,6399,SWAP001 @30204D,291430,93FB1F053DFA,-113.3,131.1,-147.5,
16/12/2019 18:46:24.061,6445,SWAP001 @30204D,291470,FFFD740A5AF6,-51.3,267.6,-247.0,
16/12/2019 18:46:24.060,6444,SWAP001 @30204D,291450,C70CA61D73EC,327.1,759.0,-500.5,
16/12/2019 18:46:24.061,6445,SWAP001 @30204D,291460,7B0AEB0668F9,268.3,177.1,-168.8,
16/12/2019 18:46:24.061,6445,SWAP001 @30204D,291480,7FF8940F7FF4,-192.1,398.8,-294.5,
16/12/2019 18:46:24.061,6445,SWAP001 @30204D,291490,BC0A120A4CF6,274.8,257.8,-248.4,
16/12/2019 18:46:24.107,6491,SWAP001 @30204D,291520,4FFCC90816F9,-94.5,224.9,-177.0,
16/12/2019 18:46:24.107,6491,SWAP001 @30204D,291530,01FD3007A6F9,-76.7,184.0,-162.6,
16/12/2019 18:46:24.106,6490,SWAP001 @30204D,291510,7FFEB90896F7,-38.5,223.3,-215.4,
16/12/2019 18:46:24.107,6490,SWAP001 @30204D,291500,C104EB0893F4,121.7,228.3,-292.5,
16/12/2019 18:46:24.149,6533,SWAP001 @30204D,291540,3100DD0582FA,4.9,150.1,-140.6,
16/12/2019 18:46:24.149,6533,SWAP001 @30204D,291570,A703AE03A0FA,93.5,94.2,-137.6,
16/12/2019 18:46:24.149,6533,SWAP001 @30204D,291550,EA025C05E6FA,74.6,137.2,-130.6,
16/12/2019 18:46:24.149,6533,SWAP001 @30204D,291560,DA046D041EFB,124.2,113.3,-125.0,
16/12/2019 18:46:24.152,6536,SWAP001 @30204D,291580,1BFF7F0325FC,-22.9,89.5,-98.7,
16/12/2019 18:46:24.197,6581,SWAP001 @30204D,291620,FBF43E027AFD,-282.1,57.4,-64.6,
16/12/2019 18:46:24.196,6580,SWAP001 @30204D,291590,D2F9F70203FE,-158.2,75.9,-50.9,
16/12/2019 18:46:24.196,6580,SWAP001 @30204D,291600,BEF5FF0276FE,-262.6,76.7,-39.4,
16/12/2019 18:46:24.196,6580,SWAP001 @30204D,291610,44F4530257FE,-300.4,59.5,-42.5,
16/12/2019 18:46:24.240,6624,SWAP001 @30204D,291640,8EFCB703B7FC,-88.2,95.1,-84.1,
16/12/2019 18:46:24.241,6625,SWAP001 @30204D,291670,810D030CDAF7,345.7,307.5,-208.6,
16/12/2019 18:46:24.240,6624,SWAP001 @30204D,291660,740CE80C73FA,318.8,330.4,-142.1,
16/12/2019 18:46:24.240,6624,SWAP001 @30204D,291630,1BF72802E8FA,-227.7,55.2,-130.4,
16/12/2019 18:46:24.240,6624,SWAP001 @30204D,291650,BA04300855FE,121.0,209.6,-42.7,
16/12/2019 18:46:24.287,6671,SWAP001 @30204D,291680,0E061B0A28F6,155.0,258.7,-252.0,
16/12/2019 18:46:24.289,6673,SWAP001 @30204D,291690,82FD2F0A4AF5,-63.8,260.7,-274.2,
16/12/2019 18:46:24.289,6673,SWAP001 @30204D,291700,86F7C30AB4F5,-217.0,275.5,-263.6,
16/12/2019 18:46:24.289,6673,SWAP001 @30204D,291710,58F3F20B55F6,-324.0,305.8,-247.5,
16/12/2019 18:46:24.329,6713,SWAP001 @30204D,291720,C5F16A0FA0F6,-364.3,394.6,-240.0,
16/12/2019 18:46:24.331,6715,SWAP001 @30204D,291730,F0F10B1091F7,-360.0,410.7,-215.9,
16/12/2019 18:46:24.331,6715,SWAP001 @30204D,291740,54F2A3107FF7,-350.0,425.9,-217.7,
16/12/2019 18:46:24.332,6716,SWAP001 @30204D,291750,AFF28D1075F7,-340.9,423.7,-218.7,
16/12/2019 18:46:24.332,6716,SWAP001 @30204D,291760,F7F47010E3F7,-282.5,420.8,-207.7,
16/12/2019 18:46:24.376,6760,SWAP001 @30204D,291770,C9F79E0F50F8,-210.3,399.8,-196.8,
16/12/2019 18:46:24.376,6760,SWAP001 @30204D,291780,68FA510EDFF8,-143.2,366.5,-182.5,
16/12/2019 18:46:24.377,6761,SWAP001 @30204D,291790,47FDB40C49F9,-69.7,325.2,-171.9,
16/12/2019 18:46:24.377,6761,SWAP001 @30204D,291800,84FFBF0A5AF9,-12.4,275.1,-170.2,
16/12/2019 18:46:24.420,6804,SWAP001 @30204D,291820,52016B0644FB,33.8,164.3,-121.2,
16/12/2019 18:46:24.420,6804,SWAP001 @30204D,291810,BC0087087BF9,18.8,218.3,-166.9,
16/12/2019 18:46:24.426,6810,SWAP001 @30204D,291830,B1FF01028800,-7.9,51.3,13.6,
16/12/2019 18:46:24.427,6811,SWAP001 @30204D,291840,DBFD6EFCC305,-54.9,-91.4,147.5,
16/12/2019 18:46:24.428,6812,SWAP001 @30204D,291850,E4FFB8F8DD06,-2.8,-186.4,175.7,
16/12/2019 18:46:24.464,6848,SWAP001 @30204D,291870,2A07DEED5B07,183.4,-464.2,188.3,
16/12/2019 18:46:24.463,6847,SWAP001 @30204D,291860,8D0367F10F07,90.9,-373.7,180.7,
16/12/2019 18:46:24.468,6852,SWAP001 @30204D,291890,02075EE99D0C,179.4,-579.4,322.9,
16/12/2019 18:46:24.468,6852,SWAP001 @30204D,291880,930832EB4C0A,219.5,-532.6,263.6,
16/12/2019 18:46:24.517,6901,SWAP001 @30204D,291900,020584EB390E,128.2,-524.4,364.1,
16/12/2019 18:46:24.517,6901,SWAP001 @30204D,291930,120312EAC40E,78.6,-561.4,378.0,
16/12/2019 18:46:24.517,6901,SWAP001 @30204D,291920,E90384EA210F,100.1,-550.0,387.3,
16/12/2019 18:46:24.517,6901,SWAP001 @30204D,291910,E30440EBE50E,125.1,-531.2,381.3,
16/12/2019 18:46:24.518,6902,SWAP001 @30204D,291940,3503F2E9520E,82.1,-564.6,366.6,
16/12/2019 18:46:24.554,6938,SWAP001 @30204D,291960,B502ACE9740E,69.3,-571.6,370.0,
16/12/2019 18:46:24.554,6938,SWAP001 @30204D,291980,420229E9EF0D,57.8,-584.7,356.7,
16/12/2019 18:46:24.554,6938,SWAP001 @30204D,291950,2003D4E94E0E,80.0,-567.6,366.2,
16/12/2019 18:46:24.554,6938,SWAP001 @30204D,291970,500258E9730E,59.2,-580.0,369.9,
16/12/2019 18:46:24.601,6985,SWAP001 @30204D,292010,39FF14EAA30C,-19.9,-561.2,323.5,
16/12/2019 18:46:24.601,6985,SWAP001 @30204D,292020,90FEA9E99B0B,-36.8,-571.9,297.1,
16/12/2019 18:46:24.600,6984,SWAP001 @30204D,291990,73024DE92D0D,62.7,-581.1,337.3,
16/12/2019 18:46:24.601,6985,SWAP001 @30204D,292030,32FF60E9CB0A,-20.6,-579.2,276.3,
16/12/2019 18:46:24.600,6984,SWAP001 @30204D,292000,4B0101EA000D,33.1,-563.1,332.8,
16/12/2019 18:46:24.647,7031,SWAP001 @30204D,292060,600FC0EB4506,393.6,-518.4,160.5,
16/12/2019 18:46:24.647,7031,SWAP001 @30204D,292040,88047AEAE907,116.0,-551.0,202.5,
16/12/2019 18:46:24.647,7031,SWAP001 @30204D,292050,900AE6EB5C05,270.4,-514.6,137.2,
16/12/2019 18:46:24.647,7031,SWAP001 @30204D,292070,7BF86EFD4A03,-192.5,-65.8,84.2,
16/12/2019 18:46:24.691,7075,SWAP001 @30204D,292080,7FF53B02BB01,-268.9,57.1,44.3,
16/12/2019 18:46:24.694,7078,SWAP001 @30204D,292090,E8FAC10361FF,-130.4,96.1,-15.9,
16/12/2019 18:46:24.694,7078,SWAP001 @30204D,292110,ABF94A09FCF7,-162.1,237.8,-205.2,
16/12/2019 18:46:24.694,7078,SWAP001 @30204D,292100,48FCA2053EFB,-95.2,144.2,-121.8,
16/12/2019 18:46:24.694,7079,SWAP001 @30204D,292120,DCFA6A0AB8F8,-131.6,266.6,-186.4,
16/12/2019 18:46:24.733,7117,SWAP001 @30204D,292130,3EFB0A0672FA,-121.8,154.6,-142.2,
16/12/2019 18:46:24.734,7118,SWAP001 @30204D,292140,6802F8087DF5,61.6,229.6,-269.1,
16/12/2019 18:46:24.735,7119,SWAP001 @30204D,292160,FC077610C4F7,204.4,421.4,-210.8,
16/12/2019 18:46:24.734,7118,SWAP001 @30204D,292150,A4089A1D0FEB,221.2,757.8,-536.1,
16/12/2019 18:46:24.780,7164,SWAP001 @30204D,292180,0AF745100FF5,-229.4,416.5,-280.1,
16/12/2019 18:46:24.780,7164,SWAP001 @30204D,292190,7505590C65F5,139.7,316.1,-271.5,
16/12/2019 18:46:24.780,7164,SWAP001 @30204D,292170,8F05980683F8,142.3,168.8,-191.7,
16/12/2019 18:46:24.780,7164,SWAP001 @30204D,292200,640ADE086AF5,266.0,227.0,-271.0,
16/12/2019 18:46:24.781,7165,SWAP001 @30204D,292210,FF013108EFF6,51.1,209.7,-232.1,
16/12/2019 18:46:24.870,7254,SWAP001 @30204D,292220,F1FDFC07C8F8,-52.7,204.4,-184.8,
16/12/2019 18:46:24.870,7254,SWAP001 @30204D,292240,94FE0E068FFA,-36.4,155.0,-139.3,
16/12/2019 18:46:24.870,7254,SWAP001 @30204D,292230,A9FCBD0745FA,-85.5,198.1,-146.7,
16/12/2019 18:46:24.872,7256,SWAP001 @30204D,292250,5E02FF0433FB,60.6,127.9,-122.9,
16/12/2019 18:46:24.873,7257,SWAP001 @30204D,292260,3604950437FB,107.8,117.3,-122.5,
16/12/2019 18:46:24.874,7258,SWAP001 @30204D,292270,E203C503D6FA,99.4,96.5,-132.2,
16/12/2019 18:46:24.920,7304,SWAP001 @30204D,292280,8EFF4D036FFB,-11.4,84.5,-116.9,
16/12/2019 18:46:24.920,7304,SWAP001 @30204D,292310,CEF3CB02C9FD,-312.2,71.5,-56.7,
16/12/2019 18:46:24.921,7305,SWAP001 @30204D,292330,80F35802FAFA,-320.0,60.0,-128.6,
16/12/2019 18:46:24.921,7305,SWAP001 @30204D,292320,A6F38D0234FD,-316.2,65.3,-71.6,
16/12/2019 18:46:24.924,7308,SWAP001 @30204D,292340,49F661027DFB,-248.7,60.9,-115.5,
16/12/2019 18:46:24.959,7343,SWAP001 @30204D,292360,10036C09B8FC,78.4,241.2,-84.0,
16/12/2019 18:46:24.959,7343,SWAP001 @30204D,292370,F40AE50EF7F8,280.4,381.3,-180.1,
16/12/2019 18:46:24.959,7343,SWAP001 @30204D,292350,84FC7C0594FE,-89.2,140.4,-36.4,
16/12/2019 18:46:24.962,7346,SWAP001 @30204D,292390,F3048B0AD0F6,126.7,269.9,-235.2,
16/12/2019 18:46:24.962,7346,SWAP001 @30204D,292380,C20CAA0C6AF7,326.6,324.2,-219.8,
16/12/2019 18:46:25.005,7389,SWAP001 @30204D,292420,B2F1540CFBF7,-366.2,315.6,-205.3,
16/12/2019 18:46:25.005,7389,SWAP001 @30204D,292410,EDF4390BDDF7,-283.5,287.3,-208.3,
16/12/2019 18:46:25.004,7388,SWAP001 @30204D,292400,3CFBBF0AEEF6,-122.0,275.1,-232.2,
16/12/2019 18:46:25.005,7389,SWAP001 @30204D,292430,40F0FC0F21F7,-403.2,409.2,-227.1,
16/12/2019 18:46:25.050,7434,SWAP001 @30204D,292440,10F4D810A7F7,-305.6,431.2,-213.7,
16/12/2019 18:46:25.050,7434,SWAP001 @30204D,292460,B7F7EB1167F7,-212.1,458.7,-220.1,
16/12/2019 18:46:25.051,7435,SWAP001 @30204D,292480,27F978109EF8,-175.3,421.6,-189.0,
16/12/2019 18:46:25.050,7434,SWAP001 @30204D,292450,F3F6AC11A3F7,-231.7,452.4,-214.1,
16/12/2019 18:46:25.050,7434,SWAP001 @30204D,292470,96F86A11C7F7,-189.8,445.8,-210.5,
16/12/2019 18:46:25.094,7478,SWAP001 @30204D,292490,5CFA230FF3F8,-144.4,387.5,-180.5,
16/12/2019 18:46:25.095,7479,SWAP001 @30204D,292500,5BFC3E0D20F9,-93.3,339.0,-176.0,
16/12/2019 18:46:25.095,7479,SWAP001 @30204D,292510,3EFEAA0A65F9,-45.0,273.0,-169.1,
16/12/2019 18:46:25.096,7480,SWAP001 @30204D,292520,BAFF9E0808FA,-7.0,220.6,-152.8,
16/12/2019 18:46:25.139,7523,SWAP001 @30204D,292540,11019405F9FE,27.3,142.8,-26.3,
16/12/2019 18:46:25.139,7523,SWAP001 @30204D,292550,3800C3FEE204,5.6,-31.7,125.0,
16/12/2019 18:46:25.138,7522,SWAP001 @30204D,292530,F200E50841FB,24.2,227.7,-121.5,
16/12/2019 18:46:25.141,7525,SWAP001 @30204D,292560,840271FAB706,64.4,-142.3,171.9,
16/12/2019 18:46:25.142,7526,SWAP001 @30204D,292570,C10788F3F106,198.5,-319.2,177.7,
16/12/2019 18:46:25.186,7570,SWAP001 @30204D,292580,970AE5EEAC06,271.1,-437.9,170.8,
16/12/2019 18:46:25.187,7571,SWAP001 @30204D,292590,550B86EC9109,290.1,-498.6,244.9,
16/12/2019 18:46:25.187,7571,SWAP001 @30204D,292600,330781E9840C,184.3,-575.9,320.4,
16/12/2019 18:46:25.187,7571,SWAP001 @30204D,292610,A200CAEB5C0F,16.2,-517.4,393.2,
16/12/2019 18:46:25.231,7615,SWAP001 @30204D,292620,89012AEB1F10,39.3,-533.4,412.7,
16/12/2019 18:46:25.232,7616,SWAP001 @30204D,292630,BD0196EA4910,44.5,-548.2,416.9,
16/12/2019 18:46:25.232,7616,SWAP001 @30204D,292650,3702AEE9AF0F,56.7,-571.4,401.5,
16/12/2019 18:46:25.232,7616,SWAP001 @30204D,292640,E80120EA0610,48.8,-560.0,410.2,
16/12/2019 18:46:25.232,7616,SWAP001 @30204D,292660,AB0296E9700F,68.3,-573.8,395.2,
16/12/2019 18:46:25.278,7662,SWAP001 @30204D,292670,1C0368E9760F,79.6,-578.4,395.8,
16/12/2019 18:46:25.279,7663,SWAP001 @30204D,292690,78021DE9460F,63.2,-585.9,391.0,
16/12/2019 18:46:25.280,7664,SWAP001 @30204D,292700,020074E92A0F,0.2,-577.2,388.2,
16/12/2019 18:46:25.279,7663,SWAP001 @30204D,292680,4E030FE97E0F,84.6,-587.3,396.6,
16/12/2019 18:46:25.320,7704,SWAP001 @30204D,292750,4F021FEAE409,59.1,-560.1,253.2,
16/12/2019 18:46:25.320,7704,SWAP001 @30204D,292740,42FD39E95D0B,-70.2,-583.1,290.9,
16/12/2019 18:46:25.319,7703,SWAP001 @30204D,292720,0FFEB6E9F90D,-49.7,-570.6,357.7,
16/12/2019 18:46:25.320,7704,SWAP001 @30204D,292730,EBFC7CE9C00C,-78.9,-576.4,326.4,
16/12/2019 18:46:25.319,7703,SWAP001 @30204D,292710,DFFEA6E9AA0E,-28.9,-572.2,375.4,
16/12/2019 18:46:25.364,7748,SWAP001 @30204D,292760,ED09DCEACE05,254.1,-541.2,148.6,
16/12/2019 18:46:25.364,7748,SWAP001 @30204D,292770,3214F3EAB504,517.0,-538.9,120.5,
16/12/2019 18:46:25.364,7748,SWAP001 @30204D,292790,82F37A019202,-319.8,37.8,65.8,
16/12/2019 18:46:25.364,7748,SWAP001 @30204D,292780,8AFEC8FA7704,-37.4,-133.6,114.3,
16/12/2019 18:46:25.415,7799,SWAP001 @30204D,292820,30F83D0834F9,-200.0,210.9,-174.0,
16/12/2019 18:46:25.415,7799,SWAP001 @30204D,292800,FDF7D203F600,-205.1,97.8,24.6,
16/12/2019 18:46:25.415,7799,SWAP001 @30204D,292810,DFFA140638FD,-131.3,155.6,-71.2,
16/12/2019 18:46:25.415,7799,SWAP001 @30204D,292830,5BF68308B8F9,-246.9,217.9,-160.8,
16/12/2019 18:46:25.416,7800,SWAP001 @30204D,292840,5FFB300B52F9,-118.5,286.4,-171.0,
16/12/2019 18:46:25.456,7840,SWAP001 @30204D,292870,81010507EFF5,38.5,179.7,-257.7,
16/12/2019 18:46:25.455,7839,SWAP001 @30204D,292850,23088D1A43F1,208.3,679.7,-377.3,
16/12/2019 18:46:25.456,7839,SWAP001 @30204D,292860,2112B41299F1,464.1,478.8,-368.7,
16/12/2019 18:46:25.456,7840,SWAP001 @30204D,292880,8DF9C51074F7,-165.1,429.3,-218.8,
16/12/2019 18:46:25.500,7884,SWAP001 @30204D,292900,030AB5091DF4,256.3,248.5,-304.3,
16/12/2019 18:46:25.500,7884,SWAP001 @30204D,292910,9700200A62F6,15.1,259.2,-246.2,
16/12/2019 18:46:25.500,7884,SWAP001 @30204D,292930,D3FC8C081DF9,-81.3,218.8,-176.3,
16/12/2019 18:46:25.500,7884,SWAP001 @30204D,292920,AEFE31081EF8,-33.8,209.7,-201.8,
16/12/2019 18:46:25.500,7884,SWAP001 @30204D,292890,8406FB0DACF3,166.8,357.9,-315.6,
16/12/2019 18:46:25.546,7930,SWAP001 @30204D,292950,8CFE430609FA,-37.2,160.3,-152.7,
16/12/2019 18:46:25.546,7930,SWAP001 @30204D,292960,D701F304C8FA,47.1,126.7,-133.6,
16/12/2019 18:46:25.546,7930,SWAP001 @30204D,292970,0D04A50402FB,103.7,118.9,-127.8,
16/12/2019 18:46:25.545,7929,SWAP001 @30204D,292940,0FFD900703FA,-75.3,193.6,-153.3,
16/12/2019 18:46:25.589,7973,SWAP001 @30204D,292980,0704AE0347FA,103.1,94.2,-146.5,
16/12/2019 18:46:25.590,7974,SWAP001 @30204D,293000,40FC03035CFD,-96.0,77.1,-67.6,
16/12/2019 18:46:25.590,7974,SWAP001 @30204D,293010,A5F76403ECFD,-213.9,86.8,-53.2,
16/12/2019 18:46:25.590,7974,SWAP001 @30204D,292990,B1006B0358FB,17.7,87.5,-119.2,
16/12/2019 18:46:25.591,7975,SWAP001 @30204D,293020,E2F4C50239FE,-284.6,70.9,-45.5,
16/12/2019 18:46:25.634,8018,SWAP001 @30204D,293030,62F4F3016EFE,-297.4,49.9,-40.2,
16/12/2019 18:46:25.636,8020,SWAP001 @30204D,293050,9EF68E013EFC,-240.2,39.8,-96.2,
16/12/2019 18:46:25.637,8021,SWAP001 @30204D,293060,6AFCE2032CFF,-91.8,99.4,-21.2,
16/12/2019 18:46:25.636,8020,SWAP001 @30204D,293040,B4F4530229FD,-289.2,59.5,-72.7,
16/12/2019 18:46:25.681,8065,SWAP001 @30204D,293090,A407710BEBF8,195.6,292.9,-181.3,
16/12/2019 18:46:25.680,8064,SWAP001 @30204D,293080,8C093C0DBEFA,244.4,338.8,-134.6,
16/12/2019 18:46:25.680,8064,SWAP001 @30204D,293070,3E03AE0801FE,83.0,222.2,-51.1,
16/12/2019 18:46:25.684,8068,SWAP001 @30204D,293100,93FF7C0A6DF7,-10.9,268.4,-219.5,
16/12/2019 18:46:25.685,8069,SWAP001 @30204D,293110,E2F8DF0ACAF6,-182.2,278.3,-235.8,
16/12/2019 18:46:25.726,8110,SWAP001 @30204D,293120,DFF4A30B92F7,-284.9,297.9,-215.8,
16/12/2019 18:46:25.728,8112,SWAP001 @30204D,293130,B9F22E0D26F8,-339.9,337.4,-201.0,
16/12/2019 18:46:25.728,8112,SWAP001 @30204D,293140,9FF2461045F8,-342.5,416.6,-197.9,
16/12/2019 18:46:25.728,8112,SWAP001 @30204D,293150,9FF56D1170F8,-265.7,446.1,-193.6,
16/12/2019 18:46:25.772,8156,SWAP001 @30204D,293180,CAFB3A11B0F7,-107.8,441.0,-212.8,
16/12/2019 18:46:25.771,8155,SWAP001 @30204D,293160,59F8FF11FDF7,-195.9,460.7,-205.1,
16/12/2019 18:46:25.772,8156,SWAP001 @30204D,293190,49FCD70F23F8,-95.1,405.5,-201.3,
16/12/2019 18:46:25.772,8156,SWAP001 @30204D,293170,F6F91012E1F7,-154.6,462.4,-207.9,
16/12/2019 18:46:25.772,8156,SWAP001 @30204D,293200,AFFC3A0E98F8,-84.9,364.2,-189.6,
16/12/2019 18:46:25.815,8199,SWAP001 @30204D,293210,90FD0F0C03F9,-62.4,308.7,-178.9,
16/12/2019 18:46:25.815,8199,SWAP001 @30204D,293220,51FE990909FA,-43.1,245.7,-152.7,
16/12/2019 18:46:25.815,8199,SWAP001 @30204D,293240,5801EF06C6FD,34.4,177.5,-57.0,
16/12/2019 18:46:25.815,8199,SWAP001 @30204D,293230,4AFF4B08F8FB,-18.2,212.3,-103.2,
16/12/2019 18:46:25.859,8243,SWAP001 @30204D,293260,B60197FE6204,43.8,-36.1,112.2,
16/12/2019 18:46:25.858,8242,SWAP001 @30204D,293250,CB013A031C00,45.9,82.6,2.8,
16/12/2019 18:46:25.860,8244,SWAP001 @30204D,293270,040368FB8707,77.2,-117.6,192.7,
16/12/2019 18:46:25.862,8246,SWAP001 @30204D,293280,FF058EF59D08,153.5,-267.4,220.5,
16/12/2019 18:46:25.862,8246,SWAP001 @30204D,293290,C807A0F06B08,199.2,-393.6,215.5,
16/12/2019 18:46:25.903,8287,SWAP001 @30204D,293300,2F080CEE4A0A,209.5,-459.6,263.4,
16/12/2019 18:46:25.907,8291,SWAP001 @30204D,293310,1C014BEB790E,28.4,-530.1,370.5,
16/12/2019 18:46:25.909,8293,SWAP001 @30204D,293330,780203EBE90E,63.2,-537.3,381.7,
16/12/2019 18:46:25.908,8292,SWAP001 @30204D,293320,3B0176EBA00E,31.5,-525.8,374.4,
16/12/2019 18:46:25.949,8333,SWAP001 @30204D,293350,EF03D8E9710F,100.7,-567.2,395.3,
16/12/2019 18:46:25.949,8333,SWAP001 @30204D,293360,860477E9270F,115.8,-576.9,387.9,
16/12/2019 18:46:25.949,8333,SWAP001 @30204D,293340,730353EA530F,88.3,-554.9,392.3,
16/12/2019 18:46:25.949,8333,SWAP001 @30204D,293370,5D055BE9E20E,137.3,-579.7,381.0,
16/12/2019 18:46:25.951,8335,SWAP001 @30204D,293380,970584E9ED0E,143.1,-575.6,382.1,
16/12/2019 18:46:25.996,8380,SWAP001 @30204D,293390,04058CE90C0F,128.4,-574.8,385.2,
16/12/2019 18:46:25.997,8381,SWAP001 @30204D,293420,0CFE0DE9E50D,-50.0,-587.5,355.7,
16/12/2019 18:46:25.997,8381,SWAP001 @30204D,293410,1800B0E86A0E,2.4,-596.8,369.0,
16/12/2019 18:46:25.997,8381,SWAP001 @30204D,293400,F80240E9F60E,76.0,-582.4,383.0,
16/12/2019 18:46:26.040,8424,SWAP001 @30204D,293450,06FBC5E8760A,-127.4,-594.7,267.8,
16/12/2019 18:46:26.040,8424,SWAP001 @30204D,293430,06FC29E95A0D,-101.8,-584.7,341.8,
16/12/2019 18:46:26.041,8425,SWAP001 @30204D,293460,C40089EA2808,19.6,-549.5,208.8,
16/12/2019 18:46:26.042,8426,SWAP001 @30204D,293470,460749EC3905,186.2,-504.7,133.7,
16/12/2019 18:46:26.040,8424,SWAP001 @30204D,293440,F9F9B7E8EE0B,-154.3,-596.1,305.4,
16/12/2019 18:46:26.084,8468,SWAP001 @30204D,293480,640E0BEDA605,368.4,-485.3,144.6,
16/12/2019 18:46:26.085,8469,SWAP001 @30204D,293490,78FAF0FCC002,-141.6,-78.4,70.4,
16/12/2019 18:46:26.085,8469,SWAP001 @30204D,293510,66FE6604FDFE,-41.0,112.6,-25.9,
16/12/2019 18:46:26.085,8469,SWAP001 @30204D,293500,F3F729023101,-206.1,55.3,30.5,
16/12/2019 18:46:26.128,8512,SWAP001 @30204D,293540,0AFD640B00FA,-75.8,291.6,-153.6,
16/12/2019 18:46:26.128,8512,SWAP001 @30204D,293530,81FA8A0A00F9,-140.7,269.8,-179.2,
16/12/2019 18:46:26.129,8513,SWAP001 @30204D,293550,88FC380789FA,-88.8,184.8,-139.9,
16/12/2019 18:46:26.129,8513,SWAP001 @30204D,293560,F601AD03F5F8,50.2,94.1,-180.3,
16/12/2019 18:46:26.128,8512,SWAP001 @30204D,293520,2BFD060720FB,-72.5,179.8,-124.8,
16/12/2019 18:46:26.173,8557,SWAP001 @30204D,293590,9707EF05DBFB,194.3,151.9,-106.1,
16/12/2019 18:46:26.173,8557,SWAP001 @30204D,293580,FC07A21917F1,204.4,656.2,-381.7,
16/12/2019 18:46:26.173,8557,SWAP001 @30204D,293570,CF08DE128EEA,225.5,483.0,-549.0,
16/12/2019 18:46:26.176,8560,SWAP001 @30204D,293600,32FC5E0CF1F6,-97.4,316.6,-231.9,
16/12/2019 18:46:26.219,8603,SWAP001 @30204D,293620,750B5309CAF6,293.3,238.7,-235.8,
16/12/2019 18:46:26.218,8602,SWAP001 @30204D,293610,6DFFA00DA9F5,-14.7,348.8,-264.7,
16/12/2019 18:46:26.354,8738,SWAP001 @30204D,293630,29021609B0F6,55.3,232.6,-238.4,
16/12/2019 18:46:26.358,8742,SWAP001 @30204D,293640,D9FE82084DF9,-29.5,217.8,-171.5,
16/12/2019 18:46:26.358,8742,SWAP001 @30204D,293670,DF02B405A8FB,73.5,146.0,-111.2,
16/12/2019 18:46:26.359,8743,SWAP001 @30204D,293790,020A8A0DCDF9,256.2,346.6,-158.7,
16/12/2019 18:46:26.359,8743,SWAP001 @30204D,293690,250294045AFB,54.9,117.2,-119.0,
16/12/2019 18:46:26.358,8742,SWAP001 @30204D,293650,CEFD3D08C0FA,-56.2,210.9,-134.4,
16/12/2019 18:46:26.358,8742,SWAP001 @30204D,293680,F9031D053FFB,101.7,130.9,-121.7,
16/12/2019 18:46:26.358,8742,SWAP001 @30204D,293660,B8FFFA0627FB,-7.2,178.6,-124.1,
16/12/2019 18:46:26.399,8783,SWAP001 @30204D,293820,52F8BB0A88F6,-196.6,274.7,-242.4,
16/12/2019 18:46:26.399,8783,SWAP001 @30204D,293830,DDF47F0B2CF7,-285.1,294.3,-226.0,
16/12/2019 18:46:26.398,8782,SWAP001 @30204D,293810,C5FD160AABF6,-57.1,258.2,-238.9,
16/12/2019 18:46:26.398,8782,SWAP001 @30204D,293800,BB04AC0A75F8,121.1,273.2,-193.1,
16/12/2019 18:46:26.444,8828,SWAP001 @30204D,293860,62F6D1116AF7,-246.2,456.1,-219.8,
16/12/2019 18:46:26.443,8827,SWAP001 @30204D,293850,39F48811E6F6,-301.5,448.8,-233.0,
16/12/2019 18:46:26.443,8827,SWAP001 @30204D,293840,02F3F60C3CF7,-332.6,331.8,-224.4,
16/12/2019 18:46:26.444,8828,SWAP001 @30204D,293870,A2F7071294F7,-214.2,461.5,-215.6,
16/12/2019 18:46:26.489,8873,SWAP001 @30204D,293900,5BFC461053F8,-93.3,416.6,-196.5,
16/12/2019 18:46:26.490,8874,SWAP001 @30204D,293920,06FD0F0CB4F8,-76.2,308.7,-186.8,
16/12/2019 18:46:26.489,8873,SWAP001 @30204D,293880,8FFA861237F7,-139.3,474.2,-224.9,
16/12/2019 18:46:26.489,8873,SWAP001 @30204D,293890,62FC8411BAF7,-92.6,448.4,-211.8,
16/12/2019 18:46:26.489,8873,SWAP001 @30204D,293910,93FC770E6DF8,-87.7,370.3,-193.9,
16/12/2019 18:46:26.535,8919,SWAP001 @30204D,293930,D6FDE70919FA,-55.4,253.5,-151.1,
16/12/2019 18:46:26.535,8919,SWAP001 @30204D,293960,77045403E3FF,114.3,85.2,-2.9,
16/12/2019 18:46:26.535,8919,SWAP001 @30204D,293950,B302D306FAFD,69.1,174.7,-51.8,
16/12/2019 18:46:26.535,8919,SWAP001 @30204D,293940,B1FFCC0862FC,-7.9,225.2,-92.6,
16/12/2019 18:46:26.580,8964,SWAP001 @30204D,293970,0805A5FFF003,128.8,-9.1,100.8,
16/12/2019 18:46:26.581,8965,SWAP001 @30204D,293980,950537FC2E07,142.9,-96.9,183.8,
16/12/2019 18:46:26.582,8966,SWAP001 @30204D,293990,3F08C7F68508,211.1,-236.1,218.1,
16/12/2019 18:46:26.582,8966,SWAP001 @30204D,294000,EB094FF1E708,253.9,-376.1,227.9,
16/12/2019 18:46:26.582,8966,SWAP001 @30204D,294010,400AD9EECB0A,262.4,-439.1,276.3,
16/12/2019 18:46:26.628,9012,SWAP001 @30204D,294020,3E024EEC980F,57.4,-504.2,399.2,
16/12/2019 18:46:26.629,9013,SWAP001 @30204D,294030,63019CECED0F,35.5,-496.4,407.7,
16/12/2019 18:46:26.629,9013,SWAP001 @30204D,294050,F7012FEB9710,50.3,-532.9,424.7,
16/12/2019 18:46:26.629,9013,SWAP001 @30204D,294040,D20121EC5C10,46.6,-508.7,418.8,
16/12/2019 18:46:26.671,9055,SWAP001 @30204D,294080,E2016EEABB0F,48.2,-552.2,402.7,
16/12/2019 18:46:26.671,9055,SWAP001 @30204D,294100,35030FEA7F0F,82.1,-561.7,396.7,
16/12/2019 18:46:26.671,9055,SWAP001 @30204D,294090,0A036BEA7A0F,77.8,-552.5,396.2,
16/12/2019 18:46:26.671,9055,SWAP001 @30204D,294070,0B0154EA1110,26.7,-554.8,411.3,
16/12/2019 18:46:26.671,9055,SWAP001 @30204D,294060,740198EA6D10,37.2,-548.0,420.5,
16/12/2019 18:46:26.714,9098,SWAP001 @30204D,294110,2702BEE9790F,55.1,-569.8,396.1,
16/12/2019 18:46:26.715,9099,SWAP001 @30204D,294130,73FF58E9870E,-14.1,-580.0,371.9,
16/12/2019 18:46:26.715,9099,SWAP001 @30204D,294120,FE0051E9150F,25.4,-580.7,386.1,
16/12/2019 18:46:26.715,9099,SWAP001 @30204D,294140,2FFE84E9F40D,-46.5,-575.6,357.2,
16/12/2019 18:46:26.760,9144,SWAP001 @30204D,294160,86FD6DE83A0B,-63.4,-603.5,287.4,
16/12/2019 18:46:26.760,9144,SWAP001 @30204D,294150,08FDE8E8D30C,-76.0,-591.2,328.3,
16/12/2019 18:46:26.760,9144,SWAP001 @30204D,294170,CE0257E96C09,71.8,-580.1,241.2,
16/12/2019 18:46:26.761,9145,SWAP001 @30204D,294180,530A68EA7F05,264.3,-552.8,140.7,
16/12/2019 18:46:26.761,9145,SWAP001 @30204D,294190,C01373EA6C05,505.6,-551.7,138.8,
16/12/2019 18:46:26.805,9189,SWAP001 @30204D,294210,85F4AD00D002,-293.9,17.3,72.0,
16/12/2019 18:46:26.805,9189,SWAP001 @30204D,294230,38F9AA0587FC,-173.6,145.0,-88.9,
16/12/2019 18:46:26.804,9188,SWAP001 @30204D,294200,00FFAAF84404,-25.6,-187.8,109.2,
16/12/2019 18:46:26.805,9189,SWAP001 @30204D,294220,22F916032301,-175.8,79.0,29.1,
16/12/2019 18:46:26.850,9234,SWAP001 @30204D,294280,9410FE1CD7ED,424.4,742.2,-464.9,
16/12/2019 18:46:26.850,9234,SWAP001 @30204D,294270,BDFF4E0F6BF4,-6.7,391.8,-296.5,
16/12/2019 18:46:26.850,9234,SWAP001 @30204D,294260,73F94107B4FA,-167.7,185.7,-135.6,
16/12/2019 18:46:26.850,9234,SWAP001 @30204D,294250,4EF7A608D8F9,-222.6,221.4,-157.6,
16/12/2019 18:46:26.849,9233,SWAP001 @30204D,294240,1FF6600903F9,-252.9,240.0,-178.9,
16/12/2019 18:46:26.897,9281,SWAP001 @30204D,294300,08FFDC0965F8,-24.8,252.4,-194.7,
16/12/2019 18:46:26.897,9281,SWAP001 @30204D,294310,C2FF8F0F8AF5,-6.2,398.3,-267.8,
16/12/2019 18:46:26.897,9281,SWAP001 @30204D,294320,74093F0B4EF5,242.0,287.9,-273.8,
16/12/2019 18:46:26.897,9280,SWAP001 @30204D,294290,A20A850B9CF4,272.2,294.9,-291.6,
16/12/2019 18:46:26.938,9322,SWAP001 @30204D,294330,84063C09E6F4,166.8,236.4,-284.2,
16/12/2019 18:46:26.939,9323,SWAP001 @30204D,294340,BDFF520858F7,-6.7,213.0,-221.6,
16/12/2019 18:46:26.939,9323,SWAP001 @30204D,294350,45FCB407E2F8,-95.5,197.2,-182.2,
16/12/2019 18:46:26.939,9323,SWAP001 @30204D,294360,7EFC40087FFA,-89.8,211.2,-140.9,
16/12/2019 18:46:26.939,9323,SWAP001 @30204D,294370,7EFE7706A5FA,-38.6,165.5,-137.1,
16/12/2019 18:46:26.982,9366,SWAP001 @30204D,294380,0601670582FB,26.2,138.3,-115.0,
16/12/2019 18:46:26.983,9367,SWAP001 @30204D,294390,840393044CFB,90.0,117.1,-120.4,
16/12/2019 18:46:26.984,9368,SWAP001 @30204D,294400,D3031D0459FB,97.9,105.3,-119.1,
16/12/2019 18:46:26.984,9368,SWAP001 @30204D,294410,4E017C0325FB,33.4,89.2,-124.3,
16/12/2019 18:46:27.074,9458,SWAP001 @30204D,294420,54FC5303BAFC,-94.0,85.1,-83.8,
16/12/2019 18:46:27.075,9459,SWAP001 @30204D,294430,3BF73E03D3FD,-224.5,83.0,-55.7,
16/12/2019 18:46:27.075,9459,SWAP001 @30204D,294440,21F4C80232FE,-303.9,71.2,-46.2,
