Log start on,2019-08-09 11:32:51
Feature,Accelerometer
Nodes,SWAP001 @30204D, 
Date,HostTimestamp (ms),NodeName,NodeTimestamp,RawData,X (mg),Y (mg),Z (mg),
09/08/2019 11:32:51.650,28,SWAP001 @30204D,233455,A80303010000,936,259,0,
09/08/2019 11:32:51.697,74,SWAP001 @30204D,233485,C00395002500,960,149,37,
09/08/2019 11:32:51.697,74,SWAP001 @30204D,233465,B303DC00FFFF,947,220,-1,
09/08/2019 11:32:51.697,74,SWAP001 @30204D,233475,AD03AC001C00,941,172,28,
09/08/2019 11:32:51.739,116,SWAP001 @30204D,233505,DB038D000D00,987,141,13,
09/08/2019 11:32:51.739,116,SWAP001 @30204D,233495,D6035C000000,982,92,0,
09/08/2019 11:32:51.739,116,SWAP001 @30204D,233525,EF03D1003700,1007,209,55,
09/08/2019 11:32:51.740,117,SWAP001 @30204D,233545,E60327015800,998,295,88,
09/08/2019 11:32:51.739,116,SWAP001 @30204D,233515,F603AB002200,1014,171,34,
09/08/2019 11:32:51.741,118,SWAP001 @30204D,233555,E2031E014E00,994,286,78,
09/08/2019 11:32:51.741,118,SWAP001 @30204D,233565,D80326015000,984,294,80,
09/08/2019 11:32:51.785,162,SWAP001 @30204D,233585,EE038B005A00,1006,139,90,
09/08/2019 11:32:51.786,163,SWAP001 @30204D,233615,2604F2006500,1062,242,101,
09/08/2019 11:32:51.785,162,SWAP001 @30204D,233605,2104DD007300,1057,221,115,
09/08/2019 11:32:51.785,162,SWAP001 @30204D,233595,1304DF006D00,1043,223,109,
09/08/2019 11:32:51.968,345,SWAP001 @30204D,233645,5D04FE006400,1117,254,100,
09/08/2019 11:32:51.967,344,SWAP001 @30204D,233635,3F042A014300,1087,298,67,
09/08/2019 11:32:51.967,344,SWAP001 @30204D,233625,3504FA004E00,1077,250,78,
09/08/2019 11:32:51.971,348,SWAP001 @30204D,233655,85047D006B00,1157,125,107,
09/08/2019 11:32:51.974,351,SWAP001 @30204D,233685,DF048400F7FF,1247,132,-9,
09/08/2019 11:32:51.974,351,SWAP001 @30204D,233805,5B08B1010BFE,2139,433,-501,
09/08/2019 11:32:51.971,348,SWAP001 @30204D,233665,B60461003C00,1206,97,60,
09/08/2019 11:32:51.973,350,SWAP001 @30204D,233675,C204A9000500,1218,169,5,
09/08/2019 11:32:52.008,385,SWAP001 @30204D,233815,0B09E701F5FC,2315,487,-779,
09/08/2019 11:32:52.008,385,SWAP001 @30204D,233835,CA095102F9FB,2506,593,-1031,
09/08/2019 11:32:52.008,385,SWAP001 @30204D,233825,8C09160238FC,2444,534,-968,
09/08/2019 11:32:52.009,386,SWAP001 @30204D,233845,6E090D0260FC,2414,525,-928,
09/08/2019 11:32:52.058,435,SWAP001 @30204D,233865,4408CD009FFE,2116,205,-353,
09/08/2019 11:32:52.059,436,SWAP001 @30204D,233875,8F06FF0014FB,1679,255,-1260,
09/08/2019 11:32:52.058,436,SWAP001 @30204D,233885,EC03E203A4FF,1004,994,-92,
09/08/2019 11:32:52.057,434,SWAP001 @30204D,233855,DC08360165FE,2268,310,-411,
09/08/2019 11:32:52.059,436,SWAP001 @30204D,233895,3E05CD022202,1342,717,546,
09/08/2019 11:32:52.098,475,SWAP001 @30204D,233905,0D0620FEDA01,1549,-480,474,
09/08/2019 11:32:52.100,477,SWAP001 @30204D,233915,4F041FFFCF01,1103,-225,463,
09/08/2019 11:32:52.101,478,SWAP001 @30204D,233925,1F029C008800,543,156,136,
09/08/2019 11:32:52.102,479,SWAP001 @30204D,233935,F203C1FF5B04,1010,-63,1115,
09/08/2019 11:32:52.145,522,SWAP001 @30204D,233945,4E016FFFD6FE,334,-145,-298,
09/08/2019 11:32:52.146,523,SWAP001 @30204D,233965,150082011FFE,21,386,-481,
09/08/2019 11:32:52.146,523,SWAP001 @30204D,233955,6D00EF0168FE,109,495,-408,
09/08/2019 11:32:52.147,524,SWAP001 @30204D,233985,8DFF1A018DFE,-115,282,-371,
09/08/2019 11:32:52.147,524,SWAP001 @30204D,233975,D7FF23013CFE,-41,291,-452,
09/08/2019 11:32:52.195,572,SWAP001 @30204D,234025,0700C4FFD3FF,7,-60,-45,
09/08/2019 11:32:52.194,571,SWAP001 @30204D,234015,E3FF4C009DFF,-29,76,-99,
09/08/2019 11:32:52.192,569,SWAP001 @30204D,233995,91FF0801E4FE,-111,264,-284,
09/08/2019 11:32:52.193,570,SWAP001 @30204D,234005,B9FFD00032FF,-71,208,-206,
09/08/2019 11:32:52.235,612,SWAP001 @30204D,234035,190080FFF5FF,25,-128,-11,
09/08/2019 11:32:52.236,613,SWAP001 @30204D,234045,32009AFFE5FF,50,-102,-27,
09/08/2019 11:32:52.236,613,SWAP001 @30204D,234065,9C00BDFF63FF,156,-67,-157,
09/08/2019 11:32:52.236,613,SWAP001 @30204D,234075,CE00C6FF2DFF,206,-58,-211,
09/08/2019 11:32:52.236,613,SWAP001 @30204D,234055,6100B7FFA5FF,97,-73,-91,
09/08/2019 11:32:52.280,657,SWAP001 @30204D,234105,B101B9FF43FF,433,-71,-189,
09/08/2019 11:32:52.280,657,SWAP001 @30204D,234095,6401AFFF37FF,356,-81,-201,
09/08/2019 11:32:52.279,656,SWAP001 @30204D,234085,0F01B6FF27FF,271,-74,-217,
09/08/2019 11:32:52.280,657,SWAP001 @30204D,234115,EC01D2FF3FFF,492,-46,-193,
09/08/2019 11:32:52.326,703,SWAP001 @30204D,234125,89021A000AFF,649,26,-246,
09/08/2019 11:32:52.327,704,SWAP001 @30204D,234145,91030F00B6FE,913,15,-330,
09/08/2019 11:32:52.327,704,SWAP001 @30204D,234165,C204DAFFA1FE,1218,-38,-351,
09/08/2019 11:32:52.327,704,SWAP001 @30204D,234135,F1022300DDFE,753,35,-291,
09/08/2019 11:32:52.327,704,SWAP001 @30204D,234155,110405008BFE,1041,5,-373,
09/08/2019 11:32:52.369,746,SWAP001 @30204D,234205,390816FF1DFF,2105,-234,-227,
09/08/2019 11:32:52.369,746,SWAP001 @30204D,234195,18074CFFDBFE,1816,-180,-293,
09/08/2019 11:32:52.369,746,SWAP001 @30204D,234175,94050D00B8FE,1428,13,-328,
09/08/2019 11:32:52.369,746,SWAP001 @30204D,234185,5006EFFFC5FE,1616,-17,-315,
09/08/2019 11:32:52.414,791,SWAP001 @30204D,234215,8E09CBFFECFF,2446,-53,-20,
09/08/2019 11:32:52.414,791,SWAP001 @30204D,234225,750B1E013001,2933,286,304,
09/08/2019 11:32:52.416,793,SWAP001 @30204D,234235,870C7303D102,3207,883,721,
09/08/2019 11:32:52.416,793,SWAP001 @30204D,234255,8C0CF1026706,3212,753,1639,
09/08/2019 11:32:52.416,793,SWAP001 @30204D,234245,BC0DD4010005,3516,468,1280,
09/08/2019 11:32:52.459,836,SWAP001 @30204D,234285,410925079508,2369,1829,2197,
09/08/2019 11:32:52.459,836,SWAP001 @30204D,234275,300962060E06,2352,1634,1550,
09/08/2019 11:32:52.459,836,SWAP001 @30204D,234265,6F09E605A706,2415,1510,1703,
09/08/2019 11:32:52.459,836,SWAP001 @30204D,234295,2208CB097C0A,2082,2507,2684,
09/08/2019 11:32:52.506,883,SWAP001 @30204D,234305,6C06C306BA09,1644,1731,2490,
09/08/2019 11:32:52.507,884,SWAP001 @30204D,234315,A5073B032408,1957,827,2084,
09/08/2019 11:32:52.507,884,SWAP001 @30204D,234325,D50607021705,1749,519,1303,
09/08/2019 11:32:52.507,884,SWAP001 @30204D,234335,E006D7FDF900,1760,-553,249,
09/08/2019 11:32:52.507,884,SWAP001 @30204D,234345,0B015CFB0DF6,267,-1188,-2547,
09/08/2019 11:32:52.550,927,SWAP001 @30204D,234365,030743FB4EFC,1795,-1213,-946,
09/08/2019 11:32:52.550,927,SWAP001 @30204D,234355,4804B7FA68F5,1096,-1353,-2712,
09/08/2019 11:32:52.550,927,SWAP001 @30204D,234375,3E090DFDD901,2366,-755,473,
09/08/2019 11:32:52.550,927,SWAP001 @30204D,234385,610859FC8F01,2145,-935,399,
09/08/2019 11:32:52.594,971,SWAP001 @30204D,234395,CB06F402C303,1739,756,963,
09/08/2019 11:32:52.594,971,SWAP001 @30204D,234405,520807078F06,2130,1799,1679,
09/08/2019 11:32:52.594,971,SWAP001 @30204D,234415,A407E5FB5A00,1956,-1051,90,
09/08/2019 11:32:52.596,973,SWAP001 @30204D,234425,110114FD82FE,273,-748,-382,
09/08/2019 11:32:52.596,973,SWAP001 @30204D,234435,55013E01F001,341,318,496,
09/08/2019 11:32:52.640,1017,SWAP001 @30204D,234445,DB03D8023603,987,728,822,
09/08/2019 11:32:52.641,1018,SWAP001 @30204D,234455,76034C04B201,886,1100,434,
09/08/2019 11:32:52.646,1023,SWAP001 @30204D,234475,00044E015501,1024,334,341,
09/08/2019 11:32:52.642,1019,SWAP001 @30204D,234465,400346033E00,832,838,62,
09/08/2019 11:32:52.685,1062,SWAP001 @30204D,234485,410409003300,1089,9,51,
09/08/2019 11:32:52.688,1065,SWAP001 @30204D,234505,9203B8004700,914,184,71,
09/08/2019 11:32:52.689,1066,SWAP001 @30204D,234515,A103C900C2FF,929,201,-62,
09/08/2019 11:32:52.689,1066,SWAP001 @30204D,234525,C603CB0082FF,966,203,-126,
09/08/2019 11:32:52.688,1065,SWAP001 @30204D,234495,AD039B009500,941,155,149,
09/08/2019 11:32:52.729,1106,SWAP001 @30204D,234535,0704CF004500,1031,207,69,
09/08/2019 11:32:52.731,1108,SWAP001 @30204D,234555,CF038C002700,975,140,39,
09/08/2019 11:32:52.731,1108,SWAP001 @30204D,234545,04049F006C00,1028,159,108,
09/08/2019 11:32:52.731,1108,SWAP001 @30204D,234565,C203BE001C00,962,190,28,
09/08/2019 11:32:52.776,1153,SWAP001 @30204D,234575,C403D8000800,964,216,8,
09/08/2019 11:32:52.778,1155,SWAP001 @30204D,234595,CC03DF00DEFF,972,223,-34,
09/08/2019 11:32:52.778,1155,SWAP001 @30204D,234585,CA031001F2FF,970,272,-14,
09/08/2019 11:32:52.778,1155,SWAP001 @30204D,234615,CE03EF00D3FF,974,239,-45,
09/08/2019 11:32:52.778,1155,SWAP001 @30204D,234605,BD03F800EAFF,957,248,-22,
09/08/2019 11:32:52.819,1196,SWAP001 @30204D,234635,CA03D500C2FF,970,213,-62,
09/08/2019 11:32:52.820,1197,SWAP001 @30204D,234655,DA03AB00BDFF,986,171,-67,
09/08/2019 11:32:52.820,1197,SWAP001 @30204D,234645,E003CB00DEFF,992,203,-34,
09/08/2019 11:32:52.819,1196,SWAP001 @30204D,234625,D303F800AEFF,979,248,-82,
09/08/2019 11:32:52.864,1241,SWAP001 @30204D,234665,ED03F800FDFF,1005,248,-3,
09/08/2019 11:32:52.866,1243,SWAP001 @30204D,234675,DD031401FCFF,989,276,-4,
09/08/2019 11:32:52.866,1243,SWAP001 @30204D,234695,E2031B013200,994,283,50,
09/08/2019 11:32:52.866,1243,SWAP001 @30204D,234705,DF03D6000200,991,214,2,
09/08/2019 11:32:52.866,1243,SWAP001 @30204D,234685,DB032D010400,987,301,4,
09/08/2019 11:32:52.913,1290,SWAP001 @30204D,234725,1904E000F1FF,1049,224,-15,
09/08/2019 11:32:52.913,1290,SWAP001 @30204D,234735,3C04D6002500,1084,214,37,
09/08/2019 11:32:52.912,1289,SWAP001 @30204D,234715,F003C100F9FF,1008,193,-7,
09/08/2019 11:32:52.913,1290,SWAP001 @30204D,234745,4C04BB003D00,1100,187,61,
09/08/2019 11:32:52.954,1331,SWAP001 @30204D,234755,5404EC006300,1108,236,99,
09/08/2019 11:32:52.954,1331,SWAP001 @30204D,234775,6704C1005B00,1127,193,91,
09/08/2019 11:32:52.954,1331,SWAP001 @30204D,234765,6F04FA006F00,1135,250,111,
09/08/2019 11:32:52.955,1332,SWAP001 @30204D,234785,7904B4006300,1145,180,99,
09/08/2019 11:32:52.956,1333,SWAP001 @30204D,234795,9004CE003200,1168,206,50,
09/08/2019 11:32:53.000,1377,SWAP001 @30204D,234805,C104E9001D00,1217,233,29,
09/08/2019 11:32:53.001,1378,SWAP001 @30204D,234835,1405B500CEFF,1300,181,-50,
09/08/2019 11:32:53.001,1378,SWAP001 @30204D,234825,1405AD000600,1300,173,6,
09/08/2019 11:32:53.001,1378,SWAP001 @30204D,234815,0B059600EDFF,1291,150,-19,
09/08/2019 11:32:53.047,1424,SWAP001 @30204D,234855,49054900EBFF,1353,73,-21,
09/08/2019 11:32:53.047,1424,SWAP001 @30204D,234875,7505E7FF6800,1397,-25,104,
09/08/2019 11:32:53.047,1424,SWAP001 @30204D,234885,960507001A00,1430,7,26,
09/08/2019 11:32:53.047,1424,SWAP001 @30204D,234865,5C0531002C00,1372,49,44,
09/08/2019 11:32:53.047,1424,SWAP001 @30204D,234845,3805A900E9FF,1336,169,-23,
09/08/2019 11:32:53.090,1467,SWAP001 @30204D,234925,47072D0113FF,1863,301,-237,
09/08/2019 11:32:53.089,1466,SWAP001 @30204D,234895,0B065101D5FF,1547,337,-43,
09/08/2019 11:32:53.089,1466,SWAP001 @30204D,234905,57063502B1FF,1623,565,-79,
09/08/2019 11:32:53.090,1467,SWAP001 @30204D,234915,CC06A80158FF,1740,424,-168,
09/08/2019 11:32:53.134,1511,SWAP001 @30204D,234935,2F08EE00AEFE,2095,238,-338,
09/08/2019 11:32:53.135,1512,SWAP001 @30204D,234955,D1096501A4FC,2513,357,-860,
09/08/2019 11:32:53.136,1513,SWAP001 @30204D,234975,BD092F003CFC,2493,47,-964,
09/08/2019 11:32:53.136,1513,SWAP001 @30204D,234965,0F0AEB0073FC,2575,235,-909,
09/08/2019 11:32:53.135,1512,SWAP001 @30204D,234945,1B0903016CFD,2331,259,-660,
09/08/2019 11:32:53.180,1557,SWAP001 @30204D,234985,2B092901E2FC,2347,297,-798,
09/08/2019 11:32:53.180,1557,SWAP001 @30204D,235015,0505230277FD,1285,547,-649,
09/08/2019 11:32:53.180,1557,SWAP001 @30204D,234995,0C08690156FD,2060,361,-682,
09/08/2019 11:32:53.180,1557,SWAP001 @30204D,235005,9C064401FFFB,1692,324,-1025,
09/08/2019 11:32:53.223,1600,SWAP001 @30204D,235025,08061800B202,1544,24,690,
09/08/2019 11:32:53.223,1600,SWAP001 @30204D,235045,CB0234011300,715,308,19,
09/08/2019 11:32:53.223,1600,SWAP001 @30204D,235035,B105BBFF1001,1457,-69,272,
09/08/2019 11:32:53.225,1602,SWAP001 @30204D,235065,60033A005501,864,58,341,
09/08/2019 11:32:53.224,1601,SWAP001 @30204D,235055,64029C019002,612,412,656,
09/08/2019 11:32:53.270,1647,SWAP001 @30204D,235075,96016B004CFE,406,107,-436,
09/08/2019 11:32:53.270,1647,SWAP001 @30204D,235095,3B00F5000DFE,59,245,-499,
09/08/2019 11:32:53.270,1647,SWAP001 @30204D,235105,1500770058FE,21,119,-424,
09/08/2019 11:32:53.270,1647,SWAP001 @30204D,235085,B30054011CFE,179,340,-484,
09/08/2019 11:32:53.314,1691,SWAP001 @30204D,235115,F7FF4200EBFE,-9,66,-277,
09/08/2019 11:32:53.315,1692,SWAP001 @30204D,235135,FCFFFAFFDFFF,-4,-6,-33,
09/08/2019 11:32:53.316,1693,SWAP001 @30204D,235155,25009DFFEDFF,37,-99,-19,
09/08/2019 11:32:53.315,1692,SWAP001 @30204D,235125,FBFF200088FF,-5,32,-120,
09/08/2019 11:32:53.315,1692,SWAP001 @30204D,235145,0C00D3FFFEFF,12,-45,-2,
09/08/2019 11:32:53.362,1739,SWAP001 @30204D,235165,380068FFB1FF,56,-152,-79,
09/08/2019 11:32:53.363,1740,SWAP001 @30204D,235185,7E007CFFDCFE,126,-132,-292,
09/08/2019 11:32:53.363,1740,SWAP001 @30204D,235195,2F018CFFD8FE,303,-116,-296,
09/08/2019 11:32:53.363,1740,SWAP001 @30204D,235175,50005AFF49FF,80,-166,-183,
09/08/2019 11:32:53.405,1782,SWAP001 @30204D,235205,790167FF22FF,377,-153,-222,
09/08/2019 11:32:53.407,1784,SWAP001 @30204D,235215,B7015DFF72FF,439,-163,-142,
09/08/2019 11:32:53.408,1785,SWAP001 @30204D,235225,F00180FF90FF,496,-128,-112,
09/08/2019 11:32:53.408,1785,SWAP001 @30204D,235235,2E02C5FF78FF,558,-59,-136,
09/08/2019 11:32:53.408,1785,SWAP001 @30204D,235245,7A02090026FF,634,9,-218,
09/08/2019 11:32:53.450,1827,SWAP001 @30204D,235275,2B04EDFF74FE,1067,-19,-396,
09/08/2019 11:32:53.449,1826,SWAP001 @30204D,235255,F4020900EAFE,756,9,-278,
09/08/2019 11:32:53.450,1827,SWAP001 @30204D,235285,D504DEFF89FE,1237,-34,-375,
09/08/2019 11:32:53.450,1827,SWAP001 @30204D,235265,910309009FFE,913,9,-353,
09/08/2019 11:32:53.496,1873,SWAP001 @30204D,235295,74050E008DFE,1396,14,-371,
09/08/2019 11:32:53.498,1875,SWAP001 @30204D,235315,F60625FF99FE,1782,-219,-359,
09/08/2019 11:32:53.498,1875,SWAP001 @30204D,235305,2406BFFFA6FE,1572,-65,-346,
09/08/2019 11:32:53.498,1875,SWAP001 @30204D,235325,5B089AFE01FF,2139,-358,-255,
09/08/2019 11:32:53.498,1875,SWAP001 @30204D,235335,070A87FF2100,2567,-121,33,
09/08/2019 11:32:53.540,1917,SWAP001 @30204D,235355,CA0CBD015103,3274,445,849,
09/08/2019 11:32:53.540,1917,SWAP001 @30204D,235345,280BF2022901,2856,754,297,
09/08/2019 11:32:53.540,1917,SWAP001 @30204D,235365,390D5801ED04,3385,344,1261,
09/08/2019 11:32:53.542,1919,SWAP001 @30204D,235375,280AB505A607,2600,1461,1958,
09/08/2019 11:32:53.584,1961,SWAP001 @30204D,235385,A8095D068607,2472,1629,1926,
09/08/2019 11:32:53.584,1961,SWAP001 @30204D,235395,71082B085E0A,2161,2091,2654,
09/08/2019 11:32:53.585,1962,SWAP001 @30204D,235415,B907C006EE0A,1977,1728,2798,
09/08/2019 11:32:53.585,1962,SWAP001 @30204D,235425,F606C504C908,1782,1221,2249,
09/08/2019 11:32:53.585,1962,SWAP001 @30204D,235405,A607AF08B90B,1958,2223,3001,
09/08/2019 11:32:53.629,2006,SWAP001 @30204D,235435,5A07DE02E306,1882,734,1763,
09/08/2019 11:32:53.629,2006,SWAP001 @30204D,235445,140749021003,1812,585,784,
09/08/2019 11:32:53.630,2007,SWAP001 @30204D,235465,BD030FFD58F5,957,-753,-2728,
09/08/2019 11:32:53.629,2006,SWAP001 @30204D,235455,D6031A016BFF,982,282,-149,
09/08/2019 11:32:53.674,2051,SWAP001 @30204D,235475,4407BFFB50FA,1860,-1089,-1456,
09/08/2019 11:32:53.676,2053,SWAP001 @30204D,235485,8609A2FBAA00,2438,-1118,170,
09/08/2019 11:32:53.676,2053,SWAP001 @30204D,235505,72074CFDA000,1906,-692,160,
09/08/2019 11:32:53.676,2053,SWAP001 @30204D,235515,800598030A04,1408,920,1034,
09/08/2019 11:32:53.676,2053,SWAP001 @30204D,235495,2D0A6AF95D01,2605,-1686,349,
09/08/2019 11:32:53.719,2096,SWAP001 @30204D,235525,DA056E02FC03,1498,622,1020,
09/08/2019 11:32:53.720,2097,SWAP001 @30204D,235545,9E03A8FEEB01,926,-344,491,
09/08/2019 11:32:53.720,2097,SWAP001 @30204D,235555,B302DD01A702,691,477,679,
09/08/2019 11:32:53.719,2096,SWAP001 @30204D,235535,FC046C028703,1276,620,903,
09/08/2019 11:32:53.767,2144,SWAP001 @30204D,235585,28046A007000,1064,106,112,
09/08/2019 11:32:53.767,2144,SWAP001 @30204D,235575,0903DD02B500,777,733,181,
09/08/2019 11:32:53.767,2144,SWAP001 @30204D,235605,CF03C1009C00,975,193,156,
09/08/2019 11:32:53.767,2144,SWAP001 @30204D,235565,B3025603AC00,691,854,172,
09/08/2019 11:32:53.767,2144,SWAP001 @30204D,235595,330460009600,1075,96,150,
09/08/2019 11:32:53.810,2187,SWAP001 @30204D,235615,DB031F016700,987,287,103,
09/08/2019 11:32:53.812,2189,SWAP001 @30204D,235635,EB03DF00A4FF,1003,223,-92,
09/08/2019 11:32:53.812,2189,SWAP001 @30204D,235645,19040D012400,1049,269,36,
09/08/2019 11:32:53.811,2188,SWAP001 @30204D,235625,CD03F100CFFF,973,241,-49,
09/08/2019 11:32:53.855,2232,SWAP001 @30204D,235655,170491005F00,1047,145,95,
09/08/2019 11:32:53.856,2233,SWAP001 @30204D,235665,DA034C004800,986,76,72,
09/08/2019 11:32:53.856,2233,SWAP001 @30204D,235675,C60383004200,966,131,66,
09/08/2019 11:32:53.857,2234,SWAP001 @30204D,235685,C803AD005300,968,173,83,
09/08/2019 11:32:53.857,2234,SWAP001 @30204D,235695,BE03B4003400,958,180,52,
09/08/2019 11:32:53.899,2276,SWAP001 @30204D,235705,BA03C9004100,954,201,65,
09/08/2019 11:32:53.901,2278,SWAP001 @30204D,235725,AD03C1002400,941,193,36,
09/08/2019 11:32:53.901,2278,SWAP001 @30204D,235735,BC03B7002D00,956,183,45,
09/08/2019 11:32:53.901,2278,SWAP001 @30204D,235715,AB03D2002F00,939,210,47,
09/08/2019 11:32:53.992,2369,SWAP001 @30204D,235765,CD03E6001200,973,230,18,
09/08/2019 11:32:53.992,2369,SWAP001 @30204D,235785,E303DE003C00,995,222,60,
09/08/2019 11:32:53.991,2368,SWAP001 @30204D,235755,D003E400EDFF,976,228,-19,
09/08/2019 11:32:53.992,2369,SWAP001 @30204D,235775,E403C4001000,996,196,16,
09/08/2019 11:32:53.991,2368,SWAP001 @30204D,235745,CD03CD00FCFF,973,205,-4,
09/08/2019 11:32:53.993,2370,SWAP001 @30204D,235795,E703EA003A00,999,234,58,
09/08/2019 11:32:53.993,2370,SWAP001 @30204D,235805,DC03FB006D00,988,251,109,
09/08/2019 11:32:54.035,2412,SWAP001 @30204D,235845,E203D8007600,994,216,118,
09/08/2019 11:32:54.035,2412,SWAP001 @30204D,235865,2704EE004300,1063,238,67,
09/08/2019 11:32:54.035,2412,SWAP001 @30204D,235875,4904F5003800,1097,245,56,
09/08/2019 11:32:54.035,2412,SWAP001 @30204D,235835,CA03C4008E00,970,196,142,
09/08/2019 11:32:54.035,2412,SWAP001 @30204D,235855,0904D8004A00,1033,216,74,
09/08/2019 11:32:54.079,2456,SWAP001 @30204D,235905,7604C3006E00,1142,195,110,
09/08/2019 11:32:54.078,2455,SWAP001 @30204D,235885,52042E017400,1106,302,116,
09/08/2019 11:32:54.078,2456,SWAP001 @30204D,235895,62041C017400,1122,284,116,
09/08/2019 11:32:54.082,2459,SWAP001 @30204D,235915,BB0477003C00,1211,119,60,
09/08/2019 11:32:54.128,2505,SWAP001 @30204D,235925,2D0521002700,1325,33,39,
09/08/2019 11:32:54.130,2507,SWAP001 @30204D,235935,38051400E3FF,1336,20,-29,
09/08/2019 11:32:54.130,2507,SWAP001 @30204D,235955,6C051300AFFF,1388,19,-81,
09/08/2019 11:32:54.130,2507,SWAP001 @30204D,235945,4A054C00C5FF,1354,76,-59,
09/08/2019 11:32:54.130,2507,SWAP001 @30204D,235965,8F05EFFFBDFF,1423,-17,-67,
09/08/2019 11:32:54.172,2549,SWAP001 @30204D,235995,C4059AFF4100,1476,-102,65,
09/08/2019 11:32:54.172,2549,SWAP001 @30204D,235985,9205BCFF1300,1426,-68,19,
09/08/2019 11:32:54.172,2549,SWAP001 @30204D,236005,EE056900F1FF,1518,105,-15,
09/08/2019 11:32:54.171,2548,SWAP001 @30204D,235975,8C050600CCFF,1420,6,-52,
09/08/2019 11:32:54.217,2594,SWAP001 @30204D,236015,2A069C01C0FF,1578,412,-64,
09/08/2019 11:32:54.219,2596,SWAP001 @30204D,236025,7A06430279FF,1658,579,-135,
09/08/2019 11:32:54.219,2596,SWAP001 @30204D,236055,7C08580172FE,2172,344,-398,
09/08/2019 11:32:54.219,2596,SWAP001 @30204D,236035,CC0637022DFF,1740,567,-211,
09/08/2019 11:32:54.219,2596,SWAP001 @30204D,236045,8D07D201CCFE,1933,466,-308,
09/08/2019 11:32:54.259,2636,SWAP001 @30204D,236065,5109470183FD,2385,327,-637,
09/08/2019 11:32:54.261,2638,SWAP001 @30204D,236095,7609E5FF4FFE,2422,-27,-433,
09/08/2019 11:32:54.261,2638,SWAP001 @30204D,236075,AA0955016EFC,2474,341,-914,
09/08/2019 11:32:54.261,2638,SWAP001 @30204D,236085,780983011DFC,2424,387,-995,
09/08/2019 11:32:54.306,2683,SWAP001 @30204D,236105,D808BF01C3FD,2264,447,-573,
09/08/2019 11:32:54.308,2685,SWAP001 @30204D,236115,FE0620029DFA,1790,544,-1379,
09/08/2019 11:32:54.308,2685,SWAP001 @30204D,236125,1705BD019AFA,1303,445,-1382,
09/08/2019 11:32:54.309,2686,SWAP001 @30204D,236135,CD042C014C01,1229,300,332,
09/08/2019 11:32:54.309,2686,SWAP001 @30204D,236145,5A0598000B03,1370,152,779,
09/08/2019 11:32:54.349,2726,SWAP001 @30204D,236165,AA03F200ECFF,938,242,-20,
09/08/2019 11:32:54.350,2727,SWAP001 @30204D,236185,1703C100D800,791,193,216,
09/08/2019 11:32:54.350,2727,SWAP001 @30204D,236175,D902B4019F02,729,436,671,
09/08/2019 11:32:54.349,2726,SWAP001 @30204D,236155,1F05B4FF5201,1311,-76,338,
09/08/2019 11:32:54.396,2773,SWAP001 @30204D,236195,7201BB0023FE,370,187,-477,
09/08/2019 11:32:54.398,2775,SWAP001 @30204D,236205,A9009801DCFD,169,408,-548,
09/08/2019 11:32:54.398,2775,SWAP001 @30204D,236225,0E006D005EFE,14,109,-418,
09/08/2019 11:32:54.398,2775,SWAP001 @30204D,236215,36001801F0FD,54,280,-528,
09/08/2019 11:32:54.398,2775,SWAP001 @30204D,236235,01005200D0FE,1,82,-304,
09/08/2019 11:32:54.440,2817,SWAP001 @30204D,236255,16006A00D8FF,22,106,-40,
09/08/2019 11:32:54.440,2817,SWAP001 @30204D,236245,1300640057FF,19,100,-169,
09/08/2019 11:32:54.442,2819,SWAP001 @30204D,236275,5600A2FFD8FF,86,-94,-40,
09/08/2019 11:32:54.442,2819,SWAP001 @30204D,236265,420024001B00,66,36,27,
09/08/2019 11:32:54.485,2862,SWAP001 @30204D,236285,6900AAFF60FF,105,-86,-160,
09/08/2019 11:32:54.485,2862,SWAP001 @30204D,236315,3F010A00C4FE,319,10,-316,
09/08/2019 11:32:54.485,2862,SWAP001 @30204D,236295,8700E8FFD8FE,135,-24,-296,
09/08/2019 11:32:54.485,2862,SWAP001 @30204D,236325,A8010A00F8FE,424,10,-264,
09/08/2019 11:32:54.485,2862,SWAP001 @30204D,236305,D6000200ADFE,214,2,-339,
09/08/2019 11:32:54.530,2907,SWAP001 @30204D,236355,DF027E009AFF,735,126,-102,
09/08/2019 11:32:54.530,2907,SWAP001 @30204D,236345,6D02420072FF,621,66,-142,
09/08/2019 11:32:54.529,2906,SWAP001 @30204D,236335,0502110029FF,517,17,-215,
09/08/2019 11:32:54.530,2907,SWAP001 @30204D,236365,6003920093FF,864,146,-109,
09/08/2019 11:32:54.577,2954,SWAP001 @30204D,236405,2F05F2000AFF,1327,242,-246,
09/08/2019 11:32:54.577,2953,SWAP001 @30204D,236395,9B042801F8FE,1179,296,-264,
09/08/2019 11:32:54.576,2953,SWAP001 @30204D,236375,C703B10065FF,967,177,-155,
09/08/2019 11:32:54.577,2954,SWAP001 @30204D,236415,A105CD001EFF,1441,205,-226,
09/08/2019 11:32:54.576,2953,SWAP001 @30204D,236385,10040E0117FF,1040,270,-233,
09/08/2019 11:32:54.618,2995,SWAP001 @30204D,236425,0906BD0005FF,1545,189,-251,
09/08/2019 11:32:54.618,2995,SWAP001 @30204D,236435,AD066200D5FE,1709,98,-299,
09/08/2019 11:32:54.619,2996,SWAP001 @30204D,236445,5109EAFFDAFF,2385,-22,-38,
09/08/2019 11:32:54.619,2996,SWAP001 @30204D,236455,040BFA009D01,2820,250,413,
09/08/2019 11:32:54.664,3041,SWAP001 @30204D,236465,5C0C72046902,3164,1138,617,
09/08/2019 11:32:54.665,3042,SWAP001 @30204D,236475,900CEB041E05,3216,1259,1310,
09/08/2019 11:32:54.665,3042,SWAP001 @30204D,236495,E4098C01E107,2532,396,2017,
09/08/2019 11:32:54.665,3042,SWAP001 @30204D,236485,CF0B02017507,3023,258,1909,
09/08/2019 11:32:54.667,3044,SWAP001 @30204D,236505,38094203D107,2360,834,2001,
09/08/2019 11:32:54.709,3086,SWAP001 @30204D,236515,62098504BB08,2402,1157,2235,
09/08/2019 11:32:54.710,3087,SWAP001 @30204D,236535,F007BC07200B,2032,1980,2848,
09/08/2019 11:32:54.710,3087,SWAP001 @30204D,236545,BF064407ED0A,1727,1860,2797,
09/08/2019 11:32:54.710,3087,SWAP001 @30204D,236525,A908F7079D0A,2217,2039,2717,
09/08/2019 11:32:54.756,3133,SWAP001 @30204D,236565,1D0723035E08,1821,803,2142,
09/08/2019 11:32:54.756,3133,SWAP001 @30204D,236555,3407EB031909,1844,1003,2329,
09/08/2019 11:32:54.757,3134,SWAP001 @30204D,236575,9706FE018508,1687,510,2181,
09/08/2019 11:32:54.757,3134,SWAP001 @30204D,236595,C602EBFC9AF6,710,-789,-2406,
09/08/2019 11:32:54.757,3134,SWAP001 @30204D,236585,510532FFB0FE,1361,-206,-336,
09/08/2019 11:32:54.798,3175,SWAP001 @30204D,236625,0A0B9CF93903,2826,-1636,825,
09/08/2019 11:32:54.798,3175,SWAP001 @30204D,236605,A900EFFB83EC,169,-1041,-4989,
09/08/2019 11:32:54.798,3175,SWAP001 @30204D,236615,F805A4FA17FB,1528,-1372,-1257,
09/08/2019 11:32:54.801,3178,SWAP001 @30204D,236635,89078001D902,1929,384,729,
09/08/2019 11:32:54.848,3225,SWAP001 @30204D,236675,EB025E004701,747,94,327,
09/08/2019 11:32:54.848,3225,SWAP001 @30204D,236665,D004B9FF0002,1232,-71,512,
09/08/2019 11:32:54.848,3225,SWAP001 @30204D,236685,DF0286009F01,735,134,415,
09/08/2019 11:32:54.847,3224,SWAP001 @30204D,236655,2607CDFF9302,1830,-51,659,
09/08/2019 11:32:54.847,3224,SWAP001 @30204D,236645,A40604056903,1700,1284,873,
09/08/2019 11:32:54.890,3267,SWAP001 @30204D,236695,94027702A202,660,631,674,
09/08/2019 11:32:54.890,3267,SWAP001 @30204D,236715,5403F3028000,852,755,128,
09/08/2019 11:32:54.890,3267,SWAP001 @30204D,236725,66043B019D00,1126,315,157,
09/08/2019 11:32:54.890,3267,SWAP001 @30204D,236705,AC02F6027101,684,758,369,
09/08/2019 11:32:54.933,3310,SWAP001 @30204D,236735,16046A001B00,1046,106,27,
09/08/2019 11:32:54.934,3311,SWAP001 @30204D,236745,BB03D5004A00,955,213,74,
09/08/2019 11:32:54.934,3311,SWAP001 @30204D,236755,E803C5006900,1000,197,105,
09/08/2019 11:32:54.934,3311,SWAP001 @30204D,236765,E203A400DBFF,994,164,-37,
09/08/2019 11:32:54.935,3312,SWAP001 @30204D,236775,FB03AB00C2FF,1019,171,-62,
09/08/2019 11:32:54.980,3357,SWAP001 @30204D,236805,DA038B004100,986,139,65,
09/08/2019 11:32:54.979,3356,SWAP001 @30204D,236785,2C048700EAFF,1068,135,-22,
09/08/2019 11:32:54.980,3357,SWAP001 @30204D,236815,B2038A000600,946,138,6,
09/08/2019 11:32:54.980,3357,SWAP001 @30204D,236795,320423001900,1074,35,25,
09/08/2019 11:32:55.023,3400,SWAP001 @30204D,236845,9F031001F7FF,927,272,-9,
09/08/2019 11:32:55.023,3400,SWAP001 @30204D,236825,A1038E000A00,929,142,10,
09/08/2019 11:32:55.023,3400,SWAP001 @30204D,236835,9C03BE000200,924,190,2,
09/08/2019 11:32:55.025,3402,SWAP001 @30204D,236855,A80323011200,936,291,18,
09/08/2019 11:32:55.026,3403,SWAP001 @30204D,236865,A00314011600,928,276,22,
09/08/2019 11:32:55.072,3449,SWAP001 @30204D,236895,CF03A1000300,975,161,3,
09/08/2019 11:32:55.072,3447,SWAP001 @30204D,236875,A603F200FFFF,934,242,-1,
09/08/2019 11:32:55.072,3449,SWAP001 @30204D,236905,E2039D000F00,994,157,15,
09/08/2019 11:32:55.071,3448,SWAP001 @30204D,236885,BE03BE00FCFF,958,190,-4,
09/08/2019 11:32:55.117,3494,SWAP001 @30204D,236915,EA0399003500,1002,153,53,
09/08/2019 11:32:55.119,3496,SWAP001 @30204D,236955,F1031F015800,1009,287,88,
09/08/2019 11:32:55.118,3495,SWAP001 @30204D,236945,EF03D1006700,1007,209,103,
09/08/2019 11:32:55.118,3495,SWAP001 @30204D,236925,DF03AB005100,991,171,81,
09/08/2019 11:32:55.118,3495,SWAP001 @30204D,236935,E903AA005D00,1001,170,93,
09/08/2019 11:32:55.161,3538,SWAP001 @30204D,236985,18048F006500,1048,143,101,
09/08/2019 11:32:55.161,3538,SWAP001 @30204D,236995,3A04A8005E00,1082,168,94,
09/08/2019 11:32:55.161,3538,SWAP001 @30204D,236975,EC03C3007300,1004,195,115,
09/08/2019 11:32:55.161,3538,SWAP001 @30204D,236965,F40308015F00,1012,264,95,
09/08/2019 11:32:55.206,3583,SWAP001 @30204D,237005,4F04D0006100,1103,208,97,
09/08/2019 11:32:55.208,3585,SWAP001 @30204D,237015,4E04E0005600,1102,224,86,
09/08/2019 11:32:55.209,3586,SWAP001 @30204D,237025,580400015300,1112,256,83,
09/08/2019 11:32:55.209,3586,SWAP001 @30204D,237045,B704EB004100,1207,235,65,
09/08/2019 11:32:55.209,3586,SWAP001 @30204D,237035,7F04F6004300,1151,246,67,
09/08/2019 11:32:55.249,3626,SWAP001 @30204D,237055,F90495002900,1273,149,41,
09/08/2019 11:32:55.295,3672,SWAP001 @30204D,237065,FB0497000100,1275,151,1,
09/08/2019 11:32:55.296,3673,SWAP001 @30204D,237075,18057800F5FF,1304,120,-11,
09/08/2019 11:32:55.298,3675,SWAP001 @30204D,237085,3C050E001400,1340,14,20,
09/08/2019 11:32:55.298,3675,SWAP001 @30204D,237115,730565FF3000,1395,-155,48,
09/08/2019 11:32:55.299,3676,SWAP001 @30204D,237135,E50529001200,1509,41,18,
09/08/2019 11:32:55.298,3675,SWAP001 @30204D,237095,6005EFFFFDFF,1376,-17,-3,
09/08/2019 11:32:55.298,3675,SWAP001 @30204D,237105,7105C2FF1700,1393,-62,23,
09/08/2019 11:32:55.299,3676,SWAP001 @30204D,237125,BC052FFF4B00,1468,-209,75,
09/08/2019 11:32:55.340,3717,SWAP001 @30204D,237165,69079701ECFE,1897,407,-276,
09/08/2019 11:32:55.340,3717,SWAP001 @30204D,237155,6C065C02A1FF,1644,604,-95,
09/08/2019 11:32:55.340,3717,SWAP001 @30204D,237175,77080E0199FE,2167,270,-359,
09/08/2019 11:32:55.340,3717,SWAP001 @30204D,237145,19068501B9FF,1561,389,-71,
09/08/2019 11:32:55.383,3760,SWAP001 @30204D,237185,2C096E01B2FD,2348,366,-590,
09/08/2019 11:32:55.384,3761,SWAP001 @30204D,237205,B70963010AFC,2487,355,-1014,
09/08/2019 11:32:55.383,3760,SWAP001 @30204D,237195,B6099F01C5FC,2486,415,-827,
09/08/2019 11:32:55.386,3763,SWAP001 @30204D,237215,4A09D30046FC,2378,211,-954,
09/08/2019 11:32:55.387,3764,SWAP001 @30204D,237225,11090800C7FD,2321,8,-569,
09/08/2019 11:32:55.430,3807,SWAP001 @30204D,237245,CE070F022EFD,1998,527,-722,
09/08/2019 11:32:55.430,3807,SWAP001 @30204D,237235,BC08D2005BFE,2236,210,-421,
09/08/2019 11:32:55.431,3808,SWAP001 @30204D,237255,E4050001F6FB,1508,256,-1034,
09/08/2019 11:32:55.431,3808,SWAP001 @30204D,237265,8105E3007DFF,1409,227,-131,
09/08/2019 11:32:55.476,3853,SWAP001 @30204D,237295,59042F00F6FF,1113,47,-10,
09/08/2019 11:32:55.476,3853,SWAP001 @30204D,237305,F5027B016F02,757,379,623,
09/08/2019 11:32:55.477,3854,SWAP001 @30204D,237315,3803D5000503,824,213,773,
09/08/2019 11:32:55.475,3852,SWAP001 @30204D,237285,520549001501,1362,73,277,
09/08/2019 11:32:55.475,3852,SWAP001 @30204D,237275,00052D01FD01,1280,301,509,
09/08/2019 11:32:55.520,3897,SWAP001 @30204D,237325,AB0142008CFF,427,66,-116,
09/08/2019 11:32:55.520,3897,SWAP001 @30204D,237355,D1FF9E00A3FE,-47,158,-349,
09/08/2019 11:32:55.520,3897,SWAP001 @30204D,237335,EC003A0162FE,236,314,-414,
09/08/2019 11:32:55.520,3897,SWAP001 @30204D,237345,F6FFB9004CFE,-10,185,-436,
09/08/2019 11:32:55.566,3943,SWAP001 @30204D,237365,B8FFA6002CFF,-72,166,-212,
09/08/2019 11:32:55.567,3944,SWAP001 @30204D,237375,CDFF94007FFF,-51,148,-129,
09/08/2019 11:32:55.567,3944,SWAP001 @30204D,237405,14000100C3FF,20,1,-61,
09/08/2019 11:32:55.567,3944,SWAP001 @30204D,237395,ECFF3700C5FF,-20,55,-59,
09/08/2019 11:32:55.567,3944,SWAP001 @30204D,237385,D9FF6E00AEFF,-39,110,-82,
09/08/2019 11:32:55.614,3991,SWAP001 @30204D,237435,85003700E5FE,133,55,-283,
09/08/2019 11:32:55.614,3991,SWAP001 @30204D,237425,520008002CFF,82,8,-212,
09/08/2019 11:32:55.613,3990,SWAP001 @30204D,237415,3100EEFF8FFF,49,-18,-113,
09/08/2019 11:32:55.614,3991,SWAP001 @30204D,237445,D8003500D0FE,216,53,-304,
09/08/2019 11:32:55.656,4033,SWAP001 @30204D,237465,8401EBFF36FF,388,-21,-202,
09/08/2019 11:32:55.657,4034,SWAP001 @30204D,237495,5502350047FF,597,53,-185,
09/08/2019 11:32:55.656,4034,SWAP001 @30204D,237485,0902030061FF,521,3,-159,
09/08/2019 11:32:55.656,4033,SWAP001 @30204D,237455,2F011F00F9FE,303,31,-263,
09/08/2019 11:32:55.657,4034,SWAP001 @30204D,237475,C901D4FF57FF,457,-44,-169,
09/08/2019 11:32:55.698,4075,SWAP001 @30204D,237515,F1032F00A3FE,1009,47,-349,
09/08/2019 11:32:55.698,4075,SWAP001 @30204D,237505,BE02480016FF,702,72,-234,
09/08/2019 11:32:55.698,4075,SWAP001 @30204D,237525,A504350097FE,1189,53,-361,
09/08/2019 11:32:55.701,4078,SWAP001 @30204D,237535,3C055B00A2FE,1340,91,-350,
09/08/2019 11:32:55.743,4120,SWAP001 @30204D,237555,BA0681FFDEFE,1722,-127,-290,
09/08/2019 11:32:55.743,4120,SWAP001 @30204D,237545,DF052D00C2FE,1503,45,-318,
09/08/2019 11:32:55.743,4120,SWAP001 @30204D,237565,D107E6FEF4FE,2001,-282,-268,
09/08/2019 11:32:55.745,4122,SWAP001 @30204D,237585,5F0BD9001E01,2911,217,286,
09/08/2019 11:32:55.745,4122,SWAP001 @30204D,237575,630930FF9FFF,2403,-208,-97,
09/08/2019 11:32:55.789,4166,SWAP001 @30204D,237605,B80DD701EC04,3512,471,1260,
09/08/2019 11:32:55.789,4166,SWAP001 @30204D,237595,9F0CAB03AC02,3231,939,684,
09/08/2019 11:32:55.790,4167,SWAP001 @30204D,237625,970AA2038F07,2711,930,1935,
09/08/2019 11:32:55.790,4167,SWAP001 @30204D,237615,DC0C51016206,3292,337,1634,
09/08/2019 11:32:55.834,4211,SWAP001 @30204D,237635,7E09DB055507,2430,1499,1877,
09/08/2019 11:32:55.836,4213,SWAP001 @30204D,237665,BE077008F40A,1982,2160,2804,
09/08/2019 11:32:55.836,4213,SWAP001 @30204D,237675,C007E306220A,1984,1763,2594,
09/08/2019 11:32:55.836,4213,SWAP001 @30204D,237655,5308D208600A,2131,2258,2656,
09/08/2019 11:32:55.835,4212,SWAP001 @30204D,237645,5F096806A507,2399,1640,1957,
09/08/2019 11:32:55.879,4256,SWAP001 @30204D,237685,BA0728048808,1978,1064,2184,
09/08/2019 11:32:55.879,4256,SWAP001 @30204D,237695,CB064F01DD07,1739,335,2013,
09/08/2019 11:32:55.880,4257,SWAP001 @30204D,237705,0E0664FFF6FF,1550,-156,-10,
09/08/2019 11:32:55.880,4257,SWAP001 @30204D,237715,79022AFCDDF5,633,-982,-2595,
09/08/2019 11:32:55.928,4305,SWAP001 @30204D,237725,390143FA53EE,313,-1469,-4525,
09/08/2019 11:32:55.930,4307,SWAP001 @30204D,237755,D3075DF9B6FF,2003,-1699,-74,
09/08/2019 11:32:55.930,4307,SWAP001 @30204D,237745,D7090DF98303,2519,-1779,899,
09/08/2019 11:32:55.930,4307,SWAP001 @30204D,237735,7907F2FBCDFD,1913,-1038,-563,
09/08/2019 11:32:55.932,4309,SWAP001 @30204D,237765,FB053D009F01,1531,61,415,
09/08/2019 11:32:55.969,4346,SWAP001 @30204D,237775,4B06E5047304,1611,1253,1139,
09/08/2019 11:32:55.971,4348,SWAP001 @30204D,237785,3E06FFFF4502,1598,-1,581,
09/08/2019 11:32:55.971,4348,SWAP001 @30204D,237805,49040102AE02,1097,513,686,
09/08/2019 11:32:55.971,4348,SWAP001 @30204D,237795,E9046B00E202,1257,107,738,
09/08/2019 11:32:56.020,4397,SWAP001 @30204D,237815,B90347FFECFF,953,-185,-20,
09/08/2019 11:32:56.022,4399,SWAP001 @30204D,237835,E40237036202,740,823,610,
09/08/2019 11:32:56.021,4398,SWAP001 @30204D,237825,2702B4015401,551,436,340,
09/08/2019 11:32:56.022,4399,SWAP001 @30204D,237845,9B03DF020D01,923,735,269,
09/08/2019 11:32:56.023,4400,SWAP001 @30204D,237855,CE03F5016200,974,501,98,
09/08/2019 11:32:56.059,4436,SWAP001 @30204D,237865,6704AE008500,1127,174,133,
09/08/2019 11:32:56.060,4437,SWAP001 @30204D,237895,E50333002B00,997,51,43,
09/08/2019 11:32:56.060,4437,SWAP001 @30204D,237885,C60302009F00,966,2,159,
09/08/2019 11:32:56.060,4436,SWAP001 @30204D,237875,A803C5003600,936,197,54,
09/08/2019 11:32:56.106,4483,SWAP001 @30204D,237935,D90354006E00,985,84,110,
09/08/2019 11:32:56.105,4482,SWAP001 @30204D,237925,24044E004B00,1060,78,75,
09/08/2019 11:32:56.105,4482,SWAP001 @30204D,237915,3304BB002900,1075,187,41,
09/08/2019 11:32:56.105,4482,SWAP001 @30204D,237905,1C04B6008DFF,1052,182,-115,
09/08/2019 11:32:56.108,4485,SWAP001 @30204D,237945,B003AB004400,944,171,68,
09/08/2019 11:32:56.150,4527,SWAP001 @30204D,237965,B103EB003900,945,235,57,
09/08/2019 11:32:56.151,4528,SWAP001 @30204D,237975,B203D5003400,946,213,52,
09/08/2019 11:32:56.151,4528,SWAP001 @30204D,237985,9E03D7001F00,926,215,31,
09/08/2019 11:32:56.150,4527,SWAP001 @30204D,237955,B203D1001F00,946,209,31,
09/08/2019 11:32:56.195,4572,SWAP001 @30204D,237995,9303EC000800,915,236,8,
09/08/2019 11:32:56.196,4573,SWAP001 @30204D,238005,9D03F800FCFF,925,248,-4,
09/08/2019 11:32:56.196,4573,SWAP001 @30204D,238025,D703B1000000,983,177,0,
09/08/2019 11:32:56.197,4574,SWAP001 @30204D,238035,E00374000900,992,116,9,
09/08/2019 11:32:56.196,4573,SWAP001 @30204D,238015,BE03D700FAFF,958,215,-6,
09/08/2019 11:32:56.240,4617,SWAP001 @30204D,238045,EF0366001C00,1007,102,28,
09/08/2019 11:32:56.243,4620,SWAP001 @30204D,238075,010416013100,1025,278,49,
09/08/2019 11:32:56.243,4620,SWAP001 @30204D,238055,0C04A0000C00,1036,160,12,
09/08/2019 11:32:56.243,4620,SWAP001 @30204D,238065,0A04E8001800,1034,232,24,
09/08/2019 11:32:56.286,4662,SWAP001 @30204D,238095,E70301018500,999,257,133,
09/08/2019 11:32:56.286,4662,SWAP001 @30204D,238105,CD03C4008100,973,196,129,
09/08/2019 11:32:56.285,4662,SWAP001 @30204D,238085,F0031F016000,1008,287,96,
09/08/2019 11:32:56.286,4663,SWAP001 @30204D,238125,090490004200,1033,144,66,
09/08/2019 11:32:56.286,4663,SWAP001 @30204D,238115,E0038F005A00,992,143,90,
09/08/2019 11:32:56.468,4845,SWAP001 @30204D,238135,3C04C1004100,1084,193,65,
09/08/2019 11:32:56.470,4847,SWAP001 @30204D,238145,4D04DD003A00,1101,221,58,
09/08/2019 11:32:56.470,4847,SWAP001 @30204D,238155,4C04DB006900,1100,219,105,
09/08/2019 11:32:56.470,4847,SWAP001 @30204D,238165,5904B3009600,1113,179,150,
09/08/2019 11:32:56.471,4848,SWAP001 @30204D,238175,6304C5008900,1123,197,137,
09/08/2019 11:32:56.471,4848,SWAP001 @30204D,238195,AA04F2005E00,1194,242,94,
09/08/2019 11:32:56.472,4849,SWAP001 @30204D,238305,62077F013EFF,1890,383,-194,
09/08/2019 11:32:56.471,4848,SWAP001 @30204D,238185,8304EC006300,1155,236,99,
09/08/2019 11:32:56.510,4887,SWAP001 @30204D,238335,3C09560104FD,2364,342,-764,
09/08/2019 11:32:56.510,4887,SWAP001 @30204D,238315,03082E01CDFE,2051,302,-307,
09/08/2019 11:32:56.510,4887,SWAP001 @30204D,238345,7C0957018CFC,2428,343,-884,
09/08/2019 11:32:56.510,4887,SWAP001 @30204D,238325,90085B0161FE,2192,347,-415,
09/08/2019 11:32:56.554,4931,SWAP001 @30204D,238355,870901012BFC,2439,257,-981,
09/08/2019 11:32:56.557,4934,SWAP001 @30204D,238365,AA097200ECFC,2474,114,-788,
09/08/2019 11:32:56.558,4935,SWAP001 @30204D,238375,8C09C2FFEFFD,2444,-62,-529,
09/08/2019 11:32:56.559,4936,SWAP001 @30204D,238395,2806110110FB,1576,273,-1264,
09/08/2019 11:32:56.558,4935,SWAP001 @30204D,238385,D407BF00D9FC,2004,191,-807,
09/08/2019 11:32:56.600,4977,SWAP001 @30204D,238425,F2051CFE3501,1522,-484,309,
09/08/2019 11:32:56.600,4977,SWAP001 @30204D,238435,22027701ECFF,546,375,-20,
09/08/2019 11:32:56.600,4977,SWAP001 @30204D,238405,1904F501F1FD,1049,501,-527,
09/08/2019 11:32:56.600,4977,SWAP001 @30204D,238415,B306D1FFF401,1715,-47,500,
09/08/2019 11:32:56.644,5021,SWAP001 @30204D,238445,B702DF01B902,695,479,697,
09/08/2019 11:32:56.644,5021,SWAP001 @30204D,238465,0801D00041FE,264,208,-447,
09/08/2019 11:32:56.644,5021,SWAP001 @30204D,238455,08032D00F900,776,45,249,
09/08/2019 11:32:56.646,5023,SWAP001 @30204D,238475,5B000D0223FE,91,525,-477,
09/08/2019 11:32:56.646,5023,SWAP001 @30204D,238485,FFFFB20108FE,-1,434,-504,
09/08/2019 11:32:56.690,5067,SWAP001 @30204D,238515,DEFFCF003FFF,-34,207,-193,
09/08/2019 11:32:56.690,5067,SWAP001 @30204D,238525,FCFF8D00B3FF,-4,141,-77,
09/08/2019 11:32:56.690,5067,SWAP001 @30204D,238495,DAFF4C0146FE,-38,332,-442,
09/08/2019 11:32:56.690,5067,SWAP001 @30204D,238505,CAFF1301B0FE,-54,275,-336,
09/08/2019 11:32:56.737,5114,SWAP001 @30204D,238545,4800B4FF3300,72,-76,51,
09/08/2019 11:32:56.737,5114,SWAP001 @30204D,238535,1B0020002400,27,32,36,
09/08/2019 11:32:56.780,5157,SWAP001 @30204D,238555,5700A4FF0500,87,-92,5,
09/08/2019 11:32:56.780,5157,SWAP001 @30204D,238575,7200E5FFFFFE,114,-27,-257,
09/08/2019 11:32:56.780,5157,SWAP001 @30204D,238565,5000B7FF91FF,80,-73,-111,
09/08/2019 11:32:56.781,5158,SWAP001 @30204D,238585,13010D00C0FE,275,13,-320,
09/08/2019 11:32:56.781,5158,SWAP001 @30204D,238605,C901F1FF3BFF,457,-15,-197,
09/08/2019 11:32:56.781,5158,SWAP001 @30204D,238595,78010B00EDFE,376,11,-275,
09/08/2019 11:32:56.782,5159,SWAP001 @30204D,238615,0802F3FF67FF,520,-13,-153,
09/08/2019 11:32:56.824,5201,SWAP001 @30204D,238645,F6028E00FFFE,758,142,-257,
09/08/2019 11:32:56.823,5200,SWAP001 @30204D,238625,5E0238006BFF,606,56,-149,
09/08/2019 11:32:56.826,5203,SWAP001 @30204D,238655,8103A800B8FE,897,168,-328,
09/08/2019 11:32:56.826,5203,SWAP001 @30204D,238665,2604C20090FE,1062,194,-368,
09/08/2019 11:32:56.824,5201,SWAP001 @30204D,238635,97027A0044FF,663,122,-188,
09/08/2019 11:32:56.870,5247,SWAP001 @30204D,238675,D604E100A9FE,1238,225,-343,
09/08/2019 11:32:56.871,5248,SWAP001 @30204D,238705,F6060100F1FE,1782,1,-271,
09/08/2019 11:32:56.871,5248,SWAP001 @30204D,238695,1A069B00FCFE,1562,155,-260,
09/08/2019 11:32:56.870,5247,SWAP001 @30204D,238685,6705E800E1FE,1383,232,-287,
09/08/2019 11:32:56.915,5292,SWAP001 @30204D,238745,F10C28065802,3313,1576,600,
09/08/2019 11:32:56.915,5292,SWAP001 @30204D,238755,1B0D65054605,3355,1381,1350,
09/08/2019 11:32:56.915,5292,SWAP001 @30204D,238725,0B0AA5000300,2571,165,3,
09/08/2019 11:32:56.915,5292,SWAP001 @30204D,238735,FB0B1502AB01,3067,533,427,
09/08/2019 11:32:56.915,5292,SWAP001 @30204D,238715,3D08000033FF,2109,0,-205,
09/08/2019 11:32:56.961,5338,SWAP001 @30204D,238785,C20834061E09,2242,1588,2334,
09/08/2019 11:32:56.961,5338,SWAP001 @30204D,238795,1A080D08E20A,2074,2061,2786,
09/08/2019 11:32:56.961,5338,SWAP001 @30204D,238775,4109FD037806,2369,1021,1656,
09/08/2019 11:32:56.961,5338,SWAP001 @30204D,238765,11090D040607,2321,1037,1798,
09/08/2019 11:32:57.007,5384,SWAP001 @30204D,238805,AA07A707640B,1962,1959,2916,
09/08/2019 11:32:57.008,5385,SWAP001 @30204D,238815,9807BE04E309,1944,1214,2531,
09/08/2019 11:32:57.009,5386,SWAP001 @30204D,238825,8A073D01F707,1930,317,2039,
09/08/2019 11:32:57.009,5386,SWAP001 @30204D,238835,D1067D005C07,1745,125,1884,
09/08/2019 11:32:57.009,5386,SWAP001 @30204D,238845,A9050F007C04,1449,15,1148,
09/08/2019 11:32:57.049,5426,SWAP001 @30204D,238865,620116FBB6F5,354,-1258,-2634,
09/08/2019 11:32:57.049,5426,SWAP001 @30204D,238855,8605B5FCFCFD,1414,-843,-516,
09/08/2019 11:32:57.050,5427,SWAP001 @30204D,238875,570333FA95F1,855,-1485,-3691,
09/08/2019 11:32:57.050,5427,SWAP001 @30204D,238885,160848FA93FC,2070,-1464,-877,
09/08/2019 11:32:57.095,5472,SWAP001 @30204D,238895,7B0B47FBB003,2939,-1209,944,
09/08/2019 11:32:57.097,5474,SWAP001 @30204D,238905,6D0AADFB5403,2669,-1107,852,
09/08/2019 11:32:57.097,5474,SWAP001 @30204D,238935,4605B9FF3B00,1350,-71,59,
09/08/2019 11:32:57.097,5474,SWAP001 @30204D,238925,60067203A603,1632,882,934,
09/08/2019 11:32:57.097,5474,SWAP001 @30204D,238915,0D07C901F304,1805,457,1267,
09/08/2019 11:32:57.139,5516,SWAP001 @30204D,238945,8D0235016C02,653,309,620,
09/08/2019 11:32:57.139,5516,SWAP001 @30204D,238955,C30221021002,707,545,528,
09/08/2019 11:32:57.139,5516,SWAP001 @30204D,238975,AE03A6032E01,942,934,302,
09/08/2019 11:32:57.139,5516,SWAP001 @30204D,238965,A10249046602,673,1097,614,
09/08/2019 11:32:57.184,5561,SWAP001 @30204D,238995,050479004100,1029,121,65,
09/08/2019 11:32:57.184,5561,SWAP001 @30204D,238985,C1035201E8FF,961,338,-24,
09/08/2019 11:32:57.184,5561,SWAP001 @30204D,239005,2B040C007700,1067,12,119,
09/08/2019 11:32:57.185,5562,SWAP001 @30204D,239025,BB03EE001E00,955,238,30,
09/08/2019 11:32:57.185,5562,SWAP001 @30204D,239015,9F03BF00B700,927,191,183,
09/08/2019 11:32:57.229,5606,SWAP001 @30204D,239035,0304FE00BEFF,1027,254,-66,
09/08/2019 11:32:57.231,5608,SWAP001 @30204D,239065,110473007100,1041,115,113,
09/08/2019 11:32:57.230,5607,SWAP001 @30204D,239045,1904BF00E7FF,1049,191,-25,
09/08/2019 11:32:57.230,5607,SWAP001 @30204D,239055,23046E003F00,1059,110,63,
09/08/2019 11:32:57.275,5652,SWAP001 @30204D,239085,B30399004300,947,153,67,
09/08/2019 11:32:57.274,5651,SWAP001 @30204D,239075,D3038E005200,979,142,82,
09/08/2019 11:32:57.276,5653,SWAP001 @30204D,239095,C003B8000200,960,184,2,
09/08/2019 11:32:57.276,5653,SWAP001 @30204D,239105,B903E1001D00,953,225,29,
09/08/2019 11:32:57.277,5654,SWAP001 @30204D,239115,BC03F7003000,956,247,48,
09/08/2019 11:32:57.320,5697,SWAP001 @30204D,239125,9103DD003500,913,221,53,
09/08/2019 11:32:57.321,5698,SWAP001 @30204D,239155,B603F6002200,950,246,34,
09/08/2019 11:32:57.321,5698,SWAP001 @30204D,239145,AB0304011D00,939,260,29,
09/08/2019 11:32:57.321,5698,SWAP001 @30204D,239135,9603FC002300,918,252,35,
09/08/2019 11:32:57.365,5742,SWAP001 @30204D,239165,C803BE002B00,968,190,43,
09/08/2019 11:32:57.366,5743,SWAP001 @30204D,239195,EB03C7003A00,1003,199,58,
09/08/2019 11:32:57.366,5743,SWAP001 @30204D,239175,C8039C004300,968,156,67,
09/08/2019 11:32:57.366,5743,SWAP001 @30204D,239205,F003F5004300,1008,245,67,
09/08/2019 11:32:57.366,5743,SWAP001 @30204D,239185,DA03B0003C00,986,176,60,
09/08/2019 11:32:57.412,5789,SWAP001 @30204D,239235,F20305016D00,1010,261,109,
09/08/2019 11:32:57.412,5789,SWAP001 @30204D,239245,F203F9007D00,1010,249,125,
09/08/2019 11:32:57.412,5789,SWAP001 @30204D,239225,FA031F015B00,1018,287,91,
09/08/2019 11:32:57.411,5788,SWAP001 @30204D,239215,FB0312014700,1019,274,71,
09/08/2019 11:32:57.454,5831,SWAP001 @30204D,239255,E90313017100,1001,275,113,
09/08/2019 11:32:57.456,5833,SWAP001 @30204D,239285,2B04CD003400,1067,205,52,
09/08/2019 11:32:57.456,5833,SWAP001 @30204D,239275,1C0487005B00,1052,135,91,
09/08/2019 11:32:57.456,5833,SWAP001 @30204D,239295,4C0403012700,1100,259,39,
09/08/2019 11:32:57.455,5832,SWAP001 @30204D,239265,180480009100,1048,128,145,
09/08/2019 11:32:57.545,5922,SWAP001 @30204D,239305,7E0420015700,1150,288,87,
09/08/2019 11:32:57.546,5923,SWAP001 @30204D,239315,9C04DB005700,1180,219,87,
09/08/2019 11:32:57.595,5972,SWAP001 @30204D,239345,DB043801DBFF,1243,312,-37,
09/08/2019 11:32:57.595,5972,SWAP001 @30204D,239335,C60420010400,1222,288,4,
09/08/2019 11:32:57.596,5973,SWAP001 @30204D,239355,2E05A400EBFF,1326,164,-21,
09/08/2019 11:32:57.595,5972,SWAP001 @30204D,239325,CD04A4005000,1229,164,80,
09/08/2019 11:32:57.596,5973,SWAP001 @30204D,239365,5C05FDFFFBFF,1372,-3,-5,
09/08/2019 11:32:57.596,5973,SWAP001 @30204D,239395,AF050AFF6A00,1455,-246,106,
09/08/2019 11:32:57.602,5979,SWAP001 @30204D,239405,E20559FF4900,1506,-167,73,
09/08/2019 11:32:57.636,6013,SWAP001 @30204D,239455,1F086401ABFE,2079,356,-341,
09/08/2019 11:32:57.637,6014,SWAP001 @30204D,239475,43097602E6FC,2371,630,-794,
09/08/2019 11:32:57.635,6012,SWAP001 @30204D,239435,BF06450258FF,1727,581,-168,
09/08/2019 11:32:57.636,6013,SWAP001 @30204D,239465,B208F001D7FD,2226,496,-553,
09/08/2019 11:32:57.635,6012,SWAP001 @30204D,239445,6807D10125FF,1896,465,-219,
09/08/2019 11:32:57.679,6056,SWAP001 @30204D,239485,6C098301A9FC,2412,387,-855,
09/08/2019 11:32:57.679,6056,SWAP001 @30204D,239515,D907750120FD,2009,373,-736,
09/08/2019 11:32:57.679,6056,SWAP001 @30204D,239495,5D09210064FE,2397,33,-412,
09/08/2019 11:32:57.679,6056,SWAP001 @30204D,239505,2C09C6FFF5FE,2348,-58,-267,
09/08/2019 11:32:57.725,6102,SWAP001 @30204D,239525,8305AA02FFFB,1411,682,-1025,
09/08/2019 11:32:57.726,6103,SWAP001 @30204D,239545,8105B7FFDD00,1409,-73,221,
09/08/2019 11:32:57.726,6103,SWAP001 @30204D,239535,9B0428031A00,1179,808,26,
09/08/2019 11:32:57.732,6109,SWAP001 @30204D,239555,1E06C7FEBB01,1566,-313,443,
09/08/2019 11:32:57.733,6110,SWAP001 @30204D,239565,BA03EEFF5600,954,-18,86,
09/08/2019 11:32:57.769,6146,SWAP001 @30204D,239575,F00112012301,496,274,291,
09/08/2019 11:32:57.770,6147,SWAP001 @30204D,239585,52039500C503,850,149,965,
09/08/2019 11:32:57.770,6147,SWAP001 @30204D,239595,16023900AAFF,534,57,-86,
09/08/2019 11:32:57.771,6148,SWAP001 @30204D,239605,5A006B01EEFD,90,363,-530,
09/08/2019 11:32:57.816,6193,SWAP001 @30204D,239635,B4FF69004BFE,-76,105,-437,
09/08/2019 11:32:57.815,6192,SWAP001 @30204D,239625,D9FFB000C2FD,-39,176,-574,
09/08/2019 11:32:57.816,6193,SWAP001 @30204D,239655,C0FF380031FF,-64,56,-207,
09/08/2019 11:32:57.816,6193,SWAP001 @30204D,239645,B7FF4300C5FE,-73,67,-315,
09/08/2019 11:32:57.815,6192,SWAP001 @30204D,239615,04007F01D2FD,4,383,-558,
09/08/2019 11:32:57.861,6238,SWAP001 @30204D,239665,2900B4FFA7FF,41,-76,-89,
09/08/2019 11:32:57.907,6284,SWAP001 @30204D,239675,530064FFA0FF,83,-156,-96,
09/08/2019 11:32:57.910,6287,SWAP001 @30204D,239695,930050FF36FF,147,-176,-202,
09/08/2019 11:32:57.910,6287,SWAP001 @30204D,239715,3A0169FFEFFE,314,-151,-273,
09/08/2019 11:32:57.909,6286,SWAP001 @30204D,239685,6A0048FF6AFF,106,-184,-150,
09/08/2019 11:32:57.910,6287,SWAP001 @30204D,239705,E6004EFF09FF,230,-178,-247,
09/08/2019 11:32:57.910,6287,SWAP001 @30204D,239725,A00133FFF7FE,416,-205,-265,
09/08/2019 11:32:57.910,6287,SWAP001 @30204D,239735,14022CFF0CFF,532,-212,-244,
09/08/2019 11:32:57.920,6297,SWAP001 @30204D,239745,8C026CFF42FF,652,-148,-190,
09/08/2019 11:32:57.949,6326,SWAP001 @30204D,239775,4703AAFF4EFF,839,-86,-178,
09/08/2019 11:32:57.949,6326,SWAP001 @30204D,239765,26036EFF76FF,806,-146,-138,
09/08/2019 11:32:57.950,6327,SWAP001 @30204D,239785,AD03F8FF1AFF,941,-8,-230,
09/08/2019 11:32:57.949,6326,SWAP001 @30204D,239755,F80279FF76FF,760,-135,-138,
09/08/2019 11:32:57.995,6372,SWAP001 @30204D,239825,83059FFFE5FE,1411,-97,-283,
09/08/2019 11:32:57.995,6372,SWAP001 @30204D,239835,EB06A2FF97FE,1771,-94,-361,
09/08/2019 11:32:57.995,6372,SWAP001 @30204D,239805,9204A1FFF3FE,1170,-95,-269,
09/08/2019 11:32:57.995,6372,SWAP001 @30204D,239815,FF0494FFF0FE,1279,-108,-272,
09/08/2019 11:32:57.995,6372,SWAP001 @30204D,239795,2504CBFFE4FE,1061,-53,-284,
09/08/2019 11:32:58.042,6419,SWAP001 @30204D,239855,9509E4FEDDFF,2453,-284,-35,
09/08/2019 11:32:58.042,6419,SWAP001 @30204D,239865,2C0BA2000E01,2860,162,270,
09/08/2019 11:32:58.042,6419,SWAP001 @30204D,239845,F10767FFCCFE,2033,-153,-308,
09/08/2019 11:32:58.042,6419,SWAP001 @30204D,239875,410C12023003,3137,530,816,
09/08/2019 11:32:58.085,6462,SWAP001 @30204D,239895,EC0BFB012A07,3052,507,1834,
09/08/2019 11:32:58.085,6462,SWAP001 @30204D,239885,870D6301AC05,3463,355,1452,
09/08/2019 11:32:58.085,6462,SWAP001 @30204D,239915,86086707D605,2182,1895,1494,
09/08/2019 11:32:58.085,6462,SWAP001 @30204D,239905,1B0932057807,2331,1330,1912,
09/08/2019 11:32:58.086,6463,SWAP001 @30204D,239925,E208A4077D08,2274,1956,2173,
09/08/2019 11:32:58.132,6509,SWAP001 @30204D,239935,7408DA087C0B,2164,2266,2940,
09/08/2019 11:32:58.133,6510,SWAP001 @30204D,239945,1008A006610B,2064,1696,2913,
09/08/2019 11:32:58.134,6511,SWAP001 @30204D,239965,6607F2010608,1894,498,2054,
09/08/2019 11:32:58.134,6511,SWAP001 @30204D,239955,E40651044609,1764,1105,2374,
09/08/2019 11:32:58.177,6554,SWAP001 @30204D,239975,220741014E08,1826,321,2126,
09/08/2019 11:32:58.180,6556,SWAP001 @30204D,239995,A00597FF6403,1440,-105,868,
09/08/2019 11:32:58.180,6557,SWAP001 @30204D,240015,AA0423FD63F9,1194,-733,-1693,
09/08/2019 11:32:58.180,6557,SWAP001 @30204D,240005,12023DFE5DF2,530,-451,-3491,
09/08/2019 11:32:58.179,6556,SWAP001 @30204D,239985,BC062D01E908,1724,301,2281,
09/08/2019 11:32:58.220,6597,SWAP001 @30204D,240025,C00879F8A102,2240,-1927,673,
09/08/2019 11:32:58.220,6597,SWAP001 @30204D,240045,95087C01D102,2197,380,721,
09/08/2019 11:32:58.220,6597,SWAP001 @30204D,240035,2C0A76F63801,2604,-2442,312,
09/08/2019 11:32:58.220,6597,SWAP001 @30204D,240055,39083B076F05,2105,1851,1391,
09/08/2019 11:32:58.265,6642,SWAP001 @30204D,240075,1B064F008204,1563,79,1154,
09/08/2019 11:32:58.267,6644,SWAP001 @30204D,240085,7404EFFF0A02,1140,-17,522,
09/08/2019 11:32:58.267,6644,SWAP001 @30204D,240095,7F023900EB00,639,57,235,
09/08/2019 11:32:58.265,6642,SWAP001 @30204D,240065,AF0725008203,1967,37,898,
09/08/2019 11:32:58.267,6644,SWAP001 @30204D,240105,E701B5045601,487,1205,342,
09/08/2019 11:32:58.308,6685,SWAP001 @30204D,240115,1F029E02B901,543,670,441,
09/08/2019 11:32:58.309,6686,SWAP001 @30204D,240125,9A023E02A800,666,574,168,
09/08/2019 11:32:58.310,6687,SWAP001 @30204D,240135,0C04A701D300,1036,423,211,
09/08/2019 11:32:58.315,6692,SWAP001 @30204D,240145,0E045000FD00,1038,80,253,
09/08/2019 11:35:25.862,154239,SWAP001 @30204D,256613,7204C9001900,1138,201,25,
09/08/2019 11:35:25.863,154240,SWAP001 @30204D,256633,A604D900F7FF,1190,217,-9,
09/08/2019 11:35:25.863,154240,SWAP001 @30204D,256623,8904BE001300,1161,190,19,
09/08/2019 11:35:25.864,154241,SWAP001 @30204D,256643,D8046F00E4FF,1240,111,-28,
09/08/2019 11:35:25.908,154285,SWAP001 @30204D,256653,F604C3FFC1FF,1270,-61,-63,
09/08/2019 11:35:25.908,154285,SWAP001 @30204D,256663,120583FF80FF,1298,-125,-128,
09/08/2019 11:35:25.909,154286,SWAP001 @30204D,256683,7F0587FFB7FF,1407,-121,-73,
09/08/2019 11:35:25.909,154286,SWAP001 @30204D,256673,4005CFFF6AFF,1344,-49,-150,
09/08/2019 11:35:25.909,154286,SWAP001 @30204D,256693,840553FFD9FF,1412,-173,-39,
09/08/2019 11:35:25.952,154329,SWAP001 @30204D,256703,9D0537FF0D00,1437,-201,13,
09/08/2019 11:35:25.953,154330,SWAP001 @30204D,256723,E805A600EEFF,1512,166,-18,
09/08/2019 11:35:25.952,154329,SWAP001 @30204D,256713,B8053EFF1900,1464,-194,25,
09/08/2019 11:35:25.954,154331,SWAP001 @30204D,256733,14063601E2FF,1556,310,-30,
09/08/2019 11:35:25.998,154375,SWAP001 @30204D,256753,8A063101A5FF,1674,305,-91,
09/08/2019 11:35:25.998,154375,SWAP001 @30204D,256763,FD06AA004DFF,1789,170,-179,
09/08/2019 11:35:25.998,154375,SWAP001 @30204D,256743,3C065901B5FF,1596,345,-75,
09/08/2019 11:35:26.000,154376,SWAP001 @30204D,256773,77072600D3FE,1911,38,-301,
09/08/2019 11:35:26.000,154377,SWAP001 @30204D,256783,BE07A20079FE,1982,162,-391,
09/08/2019 11:35:26.044,154421,SWAP001 @30204D,256793,290874019CFD,2089,372,-612,
09/08/2019 11:35:26.044,154421,SWAP001 @30204D,256803,7E080902B3FC,2174,521,-845,
09/08/2019 11:35:26.044,154421,SWAP001 @30204D,256823,5E08C10134FD,2142,449,-716,
09/08/2019 11:35:26.044,154421,SWAP001 @30204D,256813,3608690222FC,2102,617,-990,
09/08/2019 11:35:26.088,154465,SWAP001 @30204D,256853,3506A8016AFC,1589,424,-918,
09/08/2019 11:35:26.088,154465,SWAP001 @30204D,256833,540806011FFE,2132,262,-481,
09/08/2019 11:35:26.088,154465,SWAP001 @30204D,256843,9E07DD010FFE,1950,477,-497,
09/08/2019 11:35:26.088,154465,SWAP001 @30204D,256863,F003D4027DFC,1008,724,-899,
09/08/2019 11:35:26.089,154466,SWAP001 @30204D,256873,8203BD03A700,898,957,167,
09/08/2019 11:35:26.133,154510,SWAP001 @30204D,256883,C305F5FF5503,1475,-11,853,
09/08/2019 11:35:26.135,154512,SWAP001 @30204D,256893,3F069FFDD701,1599,-609,471,
09/08/2019 11:35:26.136,154513,SWAP001 @30204D,256913,2104E5FF9602,1057,-27,662,
09/08/2019 11:35:26.136,154513,SWAP001 @30204D,256903,17023900DF02,535,57,735,
09/08/2019 11:35:26.182,154558,SWAP001 @30204D,256933,EB001D0173FE,235,285,-397,
09/08/2019 11:35:26.183,154560,SWAP001 @30204D,256943,2300D0002FFE,35,208,-465,
09/08/2019 11:35:26.184,154561,SWAP001 @30204D,256953,03007B0035FE,3,123,-459,
09/08/2019 11:35:26.184,154561,SWAP001 @30204D,256963,E5FFC30082FE,-27,195,-382,
09/08/2019 11:35:26.181,154558,SWAP001 @30204D,256923,AB02800044FF,683,128,-188,
09/08/2019 11:35:26.224,154601,SWAP001 @30204D,256983,A2FF0A0143FF,-94,266,-189,
09/08/2019 11:35:26.224,154601,SWAP001 @30204D,256993,B8FFC40098FF,-72,196,-104,
09/08/2019 11:35:26.224,154601,SWAP001 @30204D,257003,EBFF4000C5FF,-21,64,-59,
09/08/2019 11:35:26.224,154601,SWAP001 @30204D,256973,C4FFF900DDFE,-60,249,-291,
09/08/2019 11:35:26.268,154645,SWAP001 @30204D,257013,1700CEFFE5FF,23,-50,-27,
09/08/2019 11:35:26.268,154645,SWAP001 @30204D,257023,3B0084FFE8FF,59,-124,-24,
09/08/2019 11:35:26.268,154645,SWAP001 @30204D,257033,68006BFFB1FF,104,-149,-79,
09/08/2019 11:35:26.270,154647,SWAP001 @30204D,257043,B9006DFF97FF,185,-147,-105,
09/08/2019 11:35:26.271,154648,SWAP001 @30204D,257053,FA00C4FF75FF,250,-60,-139,
09/08/2019 11:35:26.315,154692,SWAP001 @30204D,257083,4C022D005FFF,588,45,-161,
09/08/2019 11:35:26.314,154691,SWAP001 @30204D,257063,3801CEFF5AFF,312,-50,-166,
09/08/2019 11:35:26.315,154692,SWAP001 @30204D,257073,0002E4FF61FF,512,-28,-159,
09/08/2019 11:35:26.315,154692,SWAP001 @30204D,257093,AD0280005AFF,685,128,-166,
09/08/2019 11:35:26.358,154735,SWAP001 @30204D,257103,3703D80056FF,823,216,-170,
09/08/2019 11:35:26.361,154738,SWAP001 @30204D,257133,2505DC0032FF,1317,220,-206,
09/08/2019 11:35:26.361,154738,SWAP001 @30204D,257143,AA05810043FF,1450,129,-189,
09/08/2019 11:35:26.361,154738,SWAP001 @30204D,257123,9604FA004FFF,1174,250,-177,
09/08/2019 11:35:26.361,154738,SWAP001 @30204D,257113,E803030153FF,1000,259,-173,
09/08/2019 11:35:26.405,154782,SWAP001 @30204D,257173,06078CFF75FF,1798,-116,-139,
09/08/2019 11:35:26.405,154782,SWAP001 @30204D,257183,17080FFFADFF,2071,-241,-83,
09/08/2019 11:35:26.405,154782,SWAP001 @30204D,257153,FD052B006EFF,1533,43,-146,
09/08/2019 11:35:26.405,154782,SWAP001 @30204D,257163,5E06D2FF9DFF,1630,-46,-99,
09/08/2019 11:35:26.584,154961,SWAP001 @30204D,257193,390936FF7500,2361,-202,117,
09/08/2019 11:35:26.631,155008,SWAP001 @30204D,257203,490A60016201,2633,352,354,
09/08/2019 11:35:26.631,155008,SWAP001 @30204D,257213,1D0BA100DA02,2845,161,730,
09/08/2019 11:35:26.635,155012,SWAP001 @30204D,257373,E807F2F90602,2024,-1550,518,
09/08/2019 11:35:26.634,155011,SWAP001 @30204D,257223,D40BB4FE6004,3028,-332,1120,
09/08/2019 11:35:26.635,155012,SWAP001 @30204D,257243,F708A7018106,2295,423,1665,
09/08/2019 11:35:26.635,155012,SWAP001 @30204D,257413,9A0664FF5103,1690,-156,849,
09/08/2019 11:35:26.634,155011,SWAP001 @30204D,257233,230B60FF9D05,2851,-160,1437,
09/08/2019 11:35:26.635,155012,SWAP001 @30204D,257253,8108D3063007,2177,1747,1840,
09/08/2019 11:35:26.678,155055,SWAP001 @30204D,257443,790452010C01,1145,338,268,
09/08/2019 11:35:26.678,155055,SWAP001 @30204D,257453,08035A018300,776,346,131,
09/08/2019 11:35:26.678,155055,SWAP001 @30204D,257433,0E049103CA02,1038,913,714,
09/08/2019 11:35:26.678,155055,SWAP001 @30204D,257423,7202CFFDF8FF,626,-561,-8,
09/08/2019 11:35:26.721,155098,SWAP001 @30204D,257483,0B049F003B00,1035,159,59,
09/08/2019 11:35:26.721,155098,SWAP001 @30204D,257493,CE03F4001B00,974,244,27,
09/08/2019 11:35:26.721,155098,SWAP001 @30204D,257473,5704F3FF2500,1111,-13,37,
09/08/2019 11:35:26.721,155098,SWAP001 @30204D,257503,A403F30084FF,932,243,-124,
09/08/2019 11:35:26.720,155097,SWAP001 @30204D,257463,C903EC00A400,969,236,164,
09/08/2019 11:35:26.763,155140,SWAP001 @30204D,257523,D30360004400,979,96,68,
09/08/2019 11:35:26.763,155140,SWAP001 @30204D,257513,9F0321012300,927,289,35,
09/08/2019 11:35:26.808,155185,SWAP001 @30204D,257553,C60398006E00,966,152,110,
09/08/2019 11:35:26.808,155185,SWAP001 @30204D,257543,CF033D005100,975,61,81,
09/08/2019 11:35:26.808,155185,SWAP001 @30204D,257563,B003D1007000,944,209,112,
09/08/2019 11:35:26.808,155185,SWAP001 @30204D,257533,D203E9FF4500,978,-23,69,
09/08/2019 11:35:26.812,155189,SWAP001 @30204D,257573,9003F9006600,912,249,102,
09/08/2019 11:35:26.813,155190,SWAP001 @30204D,257583,9D03B8006500,925,184,101,
09/08/2019 11:35:26.813,155190,SWAP001 @30204D,257593,AA039B006300,938,155,99,
